bioguide_id,Name,first_name,middle_name,last_name,nickname,Chamber,State,District,Party,start_year,end_year,update_date,image_url
M001233,Mark B. Messmer,Mark,B.,Messmer,,House,Indiana,8,Republican,2025,,2025-07-14T14:25:50Z,https://www.congress.gov/img/member/677448630b34857ecc909125_200.jpg
R000617,Delia C. Ramirez,Delia,C.,Ramirez,,House,Illinois,3,Democratic,2023,,2025-06-13T13:48:04Z,https://www.congress.gov/img/member/684c2356333714e4aee2e1fd_200.jpg
S001232,Tim Sheehy,Tim,,Sheehy,,Senate,Montana,,Republican,2025,,2025-06-07T10:30:29Z,https://www.congress.gov/img/member/677d8231fdb6cf36bbb6498b_200.jpg
L000570,Ben Ray Luján,Ben,Ray,Luján,,Senate,New Mexico,,Democratic,2021,,2025-06-03T13:18:42Z,https://www.congress.gov/img/member/l000570_200.jpg
H001089,Josh Hawley,Josh,,Hawley,,Senate,Missouri,,Republican,2019,,2025-05-28T10:30:24Z,https://www.congress.gov/img/member/h001089_200.jpg
W000800,Peter Welch,Peter,,Welch,,Senate,Vermont,,Democratic,2023,,2025-05-24T10:30:30Z,https://www.congress.gov/img/member/fd3cb364b8bf93c25834cff750637802_200.jpg
M001242,Bernie Moreno,Bernie,,Moreno,,Senate,Ohio,,Republican,2025,,2025-05-17T10:30:27Z,https://www.congress.gov/img/member/67c8694e6159152e59828afb_200.jpg
M001229,LaMonica McIver,LaMonica,,McIver,,House,New Jersey,10,Democratic,2024,,2025-05-09T13:45:32Z,https://www.congress.gov/img/member/681dfed94fc893ce843e24b8_200.jpg
H001085,Chrissy Houlahan,Chrissy,,Houlahan,,House,Pennsylvania,6,Democratic,2019,,2025-05-08T13:36:39Z,https://www.congress.gov/img/member/681bc0e6b763f94d6e471f50_200.jpg
M001244,Ashley Moody,Ashley,,Moody,,Senate,Florida,,Republican,2025,,2025-05-07T10:42:23Z,No Image Available
M001226,Robert Menendez,Robert,,Menendez,,House,New Jersey,8,Democratic,2023,,2025-04-30T18:14:58Z,https://www.congress.gov/img/member/681231f6246d1b6bd8d9f6b4_200.jpg
F000477,Valerie P. Foushee,Valerie,P.,Foushee,,House,North Carolina,4,Democratic,2023,,2025-04-30T14:39:33Z,https://www.congress.gov/img/member/68122e57246d1b6bd8d9f6ab_200.jpg
T000488,Shri Thanedar,Shri,,Thanedar,,House,Michigan,13,Democratic,2023,,2025-04-30T14:37:55Z,https://www.congress.gov/img/member/68122bf2246d1b6bd8d9f6a2_200.jpg
P000622,Jimmy Patronis,Jimmy,,Patronis,,House,Florida,1,Republican,2025,,2025-04-28T13:06:19Z,https://www.congress.gov/img/member/67efdb991b05a5a598f7fde9_200.jpg
F000484,Randy Fine,Randy,,Fine,,House,Florida,6,Republican,2025,,2025-04-28T13:06:19Z,https://www.congress.gov/img/member/67efda8c1b05a5a598f7fde0_200.jpg
S001221,Hillary J. Scholten,Hillary,J.,Scholten,,House,Michigan,3,Democratic,2023,,2025-04-28T13:06:18Z,https://www.congress.gov/img/member/s001221_200.jpg
J000299,Mike Johnson,Mike,,Johnson,,House,Louisiana,4,Republican,2017,,2025-04-28T13:05:21Z,https://www.congress.gov/img/member/67ffcb2af22eaf56065817c4_200.jpg
R000621,Emily Randall,Emily,,Randall,,House,Washington,6,Democratic,2025,,2025-04-28T13:04:28Z,https://www.congress.gov/img/member/67745dcf0b34857ecc909173_200.jpg
M001235,Riley M. Moore,Riley,M.,Moore,,House,West Virginia,2,Republican,2025,,2025-04-28T13:04:28Z,https://www.congress.gov/img/member/677449fd0b34857ecc909131_200.jpg
B001322,Michael Baumgartner,Michael,,Baumgartner,,House,Washington,5,Republican,2025,,2025-04-28T13:04:28Z,https://www.congress.gov/img/member/6774212e0b34857ecc90903a_200.jpg
W000829,Tony Wied,Tony,,Wied,,House,Wisconsin,8,Republican,2024,,2025-04-28T13:04:28Z,https://www.congress.gov/img/member/6734b6724c72e343a6aff9e6_200.jpg
V000135,Derrick Van Orden,Derrick,,Van Orden,,House,Wisconsin,3,Republican,2023,,2025-04-28T13:04:28Z,https://www.congress.gov/img/member/v000135_200.jpg
G000600,Marie Gluesenkamp Perez,Marie,Gluesenkamp,Perez,,House,Washington,3,Democratic,2023,,2025-04-28T13:04:28Z,https://www.congress.gov/img/member/g000600_200.jpg
H001096,Harriet M. Hageman,Harriet,M.,Hageman,,House,Wyoming,0,Republican,2023,,2025-04-28T13:04:28Z,https://www.congress.gov/img/member/h001096_200.jpg
B001318,Becca Balint,Becca,,Balint,,House,Vermont,0,Democratic,2023,,2025-04-28T13:04:28Z,https://www.congress.gov/img/member/b001318_200.jpg
S001159,Marilyn Strickland,Marilyn,,Strickland,,House,Washington,10,Democratic,2021,,2025-04-28T13:04:28Z,https://www.congress.gov/img/member/s001159_200.jpg
F000471,Scott Fitzgerald,Scott,,Fitzgerald,,House,Wisconsin,5,Republican,2021,,2025-04-28T13:04:28Z,https://www.congress.gov/img/member/f000471_200.jpg
T000165,Thomas P. Tiffany,Thomas,P.,Tiffany,,House,Wisconsin,7,Republican,2020,,2025-04-28T13:04:28Z,https://www.congress.gov/img/member/t000165_200.jpg
M001205,Carol D. Miller,Carol,D.,Miller,,House,West Virginia,1,Republican,2019,,2025-04-28T13:04:28Z,https://www.congress.gov/img/member/m001205_200.jpg
S001213,Bryan Steil,Bryan,,Steil,,House,Wisconsin,1,Republican,2019,,2025-04-28T13:04:28Z,https://www.congress.gov/img/member/s001213_200.jpg
S001216,Kim Schrier,Kim,,Schrier,,House,Washington,8,Democratic,2019,,2025-04-28T13:04:28Z,https://www.congress.gov/img/member/s001216_200.jpg
J000298,Pramila Jayapal,Pramila,,Jayapal,,House,Washington,7,Democratic,2017,,2025-04-28T13:04:28Z,https://www.congress.gov/img/member/116_rp_wa_7_jayapal_pramila_200.jpg
G000576,Glenn Grothman,Glenn,,Grothman,,House,Wisconsin,6,Republican,2015,,2025-04-28T13:04:28Z,https://www.congress.gov/img/member/116_rp_wi_6_grothman_glenn_200.jpg
N000189,Dan Newhouse,Dan,,Newhouse,,House,Washington,4,Republican,2015,,2025-04-28T13:04:28Z,https://www.congress.gov/img/member/116_rp_wa_4_newhouse_dan_200.jpg
P000607,Mark Pocan,Mark,,Pocan,,House,Wisconsin,2,Democratic,2013,,2025-04-28T13:04:28Z,https://www.congress.gov/img/member/p000607_200.jpg
D000617,Suzan K. DelBene,Suzan,K.,DelBene,,House,Washington,1,Democratic,2012,,2025-04-28T13:04:28Z,https://www.congress.gov/img/member/d000617_200.jpg
S000510,Adam Smith,Adam,,Smith,,House,Washington,9,Democratic,1997,,2025-04-28T13:04:28Z,https://www.congress.gov/img/member/116_rp_wa_9_smith_adam_200.jpg
M001160,Gwen Moore,Gwen,,Moore,,House,Wisconsin,4,Democratic,2005,,2025-04-28T13:04:28Z,https://www.congress.gov/img/member/116_rp_wi_4_moore_gwen_200.jpg
L000560,Rick Larsen,Rick,,Larsen,,House,Washington,2,Democratic,2001,,2025-04-28T13:04:28Z,https://www.congress.gov/img/member/116_rp_wa_2_larsen_rick_200.jpg
V000138,Eugene Simon Vindman,Eugene,Simon,Vindman,,House,Virginia,7,Democratic,2025,,2025-04-28T13:04:27Z,https://www.congress.gov/img/member/6774617a0b34857ecc9091b5_200.jpg
S001230,Suhas Subramanyam,Suhas,,Subramanyam,,House,Virginia,10,Democratic,2025,,2025-04-28T13:04:27Z,https://www.congress.gov/img/member/6797be8bc75fbc6f720e476a_200.jpg
M001239,John J. McGuire,John,J.,McGuire,,House,Virginia,5,Republican,2025,,2025-04-28T13:04:27Z,https://www.congress.gov/img/member/67744ba20b34857ecc909149_200.jpg
K000403,Mike Kennedy,Mike,,Kennedy,,House,Utah,3,Republican,2025,,2025-04-28T13:04:27Z,https://www.congress.gov/img/member/67742e7c0b34857ecc9090f5_200.jpg
J000310,Julie Johnson,Julie,,Johnson,,House,Texas,32,Democratic,2025,,2025-04-28T13:04:27Z,https://www.congress.gov/img/member/67742df60b34857ecc9090e9_200.jpg
G000603,Brandon Gill,Brandon,,Gill,,House,Texas,26,Republican,2025,,2025-04-28T13:04:27Z,https://www.congress.gov/img/member/677428ac0b34857ecc9090b3_200.jpg
M001228,Celeste Maloy,Celeste,,Maloy,,House,Utah,2,Republican,2023,,2025-04-28T13:04:27Z,https://www.congress.gov/img/member/m001228_200.jpg
M001227,Jennifer L. McClellan,Jennifer,L.,McClellan,,House,Virginia,4,Democratic,2023,,2025-04-28T13:04:27Z,https://www.congress.gov/img/member/m001227_200.jpg
K000399,Jennifer A. Kiggans,Jennifer,A.,Kiggans,,House,Virginia,2,Republican,2023,,2025-04-28T13:04:27Z,https://www.congress.gov/img/member/66b0ce45b0288a917d98f619_200.jpg
H001095,Wesley Hunt,Wesley,,Hunt,,House,Texas,38,Republican,2023,,2025-04-28T13:04:27Z,https://www.congress.gov/img/member/h001095_200.jpg
C001130,Jasmine Crockett,Jasmine,,Crockett,,House,Texas,30,Democratic,2023,,2025-04-28T13:04:27Z,https://www.congress.gov/img/member/c001130_200.jpg
C001131,Greg Casar,Greg,,Casar,,House,Texas,35,Democratic,2023,,2025-04-28T13:04:27Z,https://www.congress.gov/img/member/c001131_200.jpg
V000134,Beth Van Duyne,Beth,,Van Duyne,,House,Texas,24,Republican,2021,,2025-04-28T13:04:27Z,https://www.congress.gov/img/member/677461060b34857ecc9091af_200.jpg
O000086,Burgess Owens,Burgess,,Owens,,House,Utah,4,Republican,2021,,2025-04-28T13:04:27Z,https://www.congress.gov/img/member/o000086_200.jpg
N000026,Troy E. Nehls,Troy,E.,Nehls,,House,Texas,22,Republican,2021,,2025-04-28T13:04:27Z,https://www.congress.gov/img/member/n000026_200.jpg
M001213,Blake D. Moore,Blake,D.,Moore,,House,Utah,1,Republican,2021,,2025-04-28T13:04:27Z,https://www.congress.gov/img/member/m001213_200.jpg
G000594,Tony Gonzales,Tony,,Gonzales,,House,Texas,23,Republican,2021,,2025-04-28T13:04:27Z,https://www.congress.gov/img/member/g000594_200.jpg
C001118,Ben Cline,Ben,,Cline,,House,Virginia,6,Republican,2019,,2025-04-28T13:04:27Z,https://www.congress.gov/img/member/c001118_200.jpg
G000587,Sylvia R. Garcia,Sylvia,R.,Garcia,,House,Texas,29,Democratic,2019,,2025-04-28T13:04:27Z,https://www.congress.gov/img/member/g000587_200.jpg
R000614,Chip Roy,Chip,,Roy,,House,Texas,21,Republican,2019,,2025-04-28T13:04:27Z,https://www.congress.gov/img/member/r000614_200.jpg
C001115,Michael Cloud,Michael,,Cloud,,House,Texas,27,Republican,2018,,2025-04-28T13:04:27Z,https://www.congress.gov/img/member/115_rp_tx_27_cloud_michael_200.jpg
G000581,Vicente Gonzalez,Vicente,,Gonzalez,,House,Texas,34,Democratic,2017,,2025-04-28T13:04:27Z,https://www.congress.gov/img/member/115_rp_tx_15_gonzalez_vicente_200.jpg
B001292,Donald S. Beyer,Donald,S.,Beyer,,House,Virginia,8,Democratic,2015,,2025-04-28T13:04:27Z,https://www.congress.gov/img/member/b001292_200.jpg
B001291,Brian Babin,Brian,,Babin,,House,Texas,36,Republican,2015,,2025-04-28T13:04:27Z,https://www.congress.gov/img/member/b001291_200.jpg
V000131,Marc A. Veasey,Marc,A.,Veasey,,House,Texas,33,Democratic,2013,,2025-04-28T13:04:27Z,https://www.congress.gov/img/member/v000131_200.jpg
W000816,Roger Williams,Roger,,Williams,,House,Texas,25,Republican,2013,,2025-04-28T13:04:27Z,https://www.congress.gov/img/member/w000816_200.jpg
W000804,Robert J. Wittman,Robert,J.,Wittman,,House,Virginia,1,Republican,2007,,2025-04-28T13:04:27Z,https://www.congress.gov/img/member/w000804_200.jpg
G000568,H. Morgan Griffith,H.,Morgan,Griffith,,House,Virginia,9,Republican,2011,,2025-04-28T13:04:27Z,https://www.congress.gov/img/member/68094df86c2e6631263de737_200.jpg
S000185,"Robert C. ""Bobby"" Scott",Robert,C.,Scott,Bobby,House,Virginia,3,Democratic,1993,,2025-04-28T13:04:27Z,https://www.congress.gov/img/member/s000185_200.jpg
C001063,Henry Cuellar,Henry,,Cuellar,,House,Texas,28,Democratic,2005,,2025-04-28T13:04:27Z,https://www.congress.gov/img/member/116_rp_tx_28_cuellar_henry_200.jpg
C001051,John R. Carter,John,R.,Carter,,House,Texas,31,Republican,2003,,2025-04-28T13:04:27Z,https://www.congress.gov/img/member/c001051_200.jpg
D000399,Lloyd Doggett,Lloyd,,Doggett,,House,Texas,37,Democratic,1995,,2025-04-28T13:04:27Z,https://www.congress.gov/img/member/d000399_200.jpg
G000601,Craig A. Goldman,Craig,A.,Goldman,,House,Texas,12,Republican,2025,,2025-04-28T13:04:26Z,https://www.congress.gov/img/member/6774277d0b34857ecc9090a7_200.jpg
B001325,Sheri Biggs,Sheri,,Biggs,,House,South Carolina,3,Republican,2025,,2025-04-28T13:04:26Z,https://www.congress.gov/img/member/677422990b34857ecc909052_200.jpg
S001224,Keith Self,Keith,,Self,,House,Texas,3,Republican,2023,,2025-04-28T13:04:26Z,https://www.congress.gov/img/member/s001224_200.jpg
O000175,Andrew Ogles,Andrew,,Ogles,,House,Tennessee,5,Republican,2023,,2025-04-28T13:04:26Z,https://www.congress.gov/img/member/o000175_200.jpg
M001224,Nathaniel Moran,Nathaniel,,Moran,,House,Texas,1,Republican,2023,,2025-04-28T13:04:26Z,https://www.congress.gov/img/member/680008c5f22eaf56065817f4_200.jpg
L000603,Morgan Luttrell,Morgan,,Luttrell,,House,Texas,8,Republican,2023,,2025-04-28T13:04:26Z,https://www.congress.gov/img/member/l000603_200.jpg
F000478,Russell Fry,Russell,,Fry,,House,South Carolina,7,Republican,2023,,2025-04-28T13:04:26Z,https://www.congress.gov/img/member/f000478_200.jpg
D000594,Monica De La Cruz,Monica,,De La Cruz,,House,Texas,15,Republican,2023,,2025-04-28T13:04:26Z,https://www.congress.gov/img/member/66d9fd54f440bf1dc174fbf6_200.jpg
E000071,Jake Ellzey,Jake,,Ellzey,,House,Texas,6,Republican,2021,,2025-04-28T13:04:26Z,https://www.congress.gov/img/member/e000071_200.jpg
P000048,August Pfluger,August,,Pfluger,,House,Texas,11,Republican,2021,,2025-04-28T13:04:26Z,https://www.congress.gov/img/member/p000048_200.jpg
J000304,Ronny Jackson,Ronny,,Jackson,,House,Texas,13,Republican,2021,,2025-04-28T13:04:26Z,https://www.congress.gov/img/member/j000304_200.jpg
H001086,Diana Harshbarger,Diana,,Harshbarger,,House,Tennessee,1,Republican,2021,,2025-04-28T13:04:26Z,https://www.congress.gov/img/member/h001086_200.jpg
F000246,Pat Fallon,Pat,,Fallon,,House,Texas,4,Republican,2021,,2025-04-28T13:04:26Z,https://www.congress.gov/img/member/f000246_200.jpg
E000299,Veronica Escobar,Veronica,,Escobar,,House,Texas,16,Democratic,2019,,2025-04-28T13:04:26Z,https://www.congress.gov/img/member/e000299_200.jpg
F000468,Lizzie Fletcher,Lizzie,,Fletcher,,House,Texas,7,Democratic,2019,,2025-04-28T13:04:26Z,https://www.congress.gov/img/member/67813f931f9ad6ea6fb1eb6f_200.jpg
G000589,Lance Gooden,Lance,,Gooden,,House,Texas,5,Republican,2019,,2025-04-28T13:04:26Z,https://www.congress.gov/img/member/g000589_200.jpg
C001120,Dan Crenshaw,Dan,,Crenshaw,,House,Texas,2,Republican,2019,,2025-04-28T13:04:26Z,https://www.congress.gov/img/member/c001120_200.jpg
R000612,John W. Rose,John,W.,Rose,,House,Tennessee,6,Republican,2019,,2025-04-28T13:04:26Z,https://www.congress.gov/img/member/r000612_200.jpg
B001309,Tim Burchett,Tim,,Burchett,,House,Tennessee,2,Republican,2019,,2025-04-28T13:04:26Z,https://www.congress.gov/img/member/b001309_200.jpg
J000301,Dusty Johnson,Dusty,,Johnson,,House,South Dakota,0,Republican,2019,,2025-04-28T13:04:26Z,https://www.congress.gov/img/member/j000301_200.jpg
T000480,William R. Timmons,William,R.,Timmons,,House,South Carolina,4,Republican,2019,,2025-04-28T13:04:26Z,https://www.congress.gov/img/member/t000480_200.jpg
N000190,Ralph Norman,Ralph,,Norman,,House,South Carolina,5,Republican,2017,,2025-04-28T13:04:26Z,https://www.congress.gov/img/member/n000190_200.jpg
A000375,Jodey C. Arrington,Jodey,C.,Arrington,,House,Texas,19,Republican,2017,,2025-04-28T13:04:26Z,https://www.congress.gov/img/member/115_rp_tx_19_arrington_jodey_200.jpg
K000392,David Kustoff,David,,Kustoff,,House,Tennessee,8,Republican,2017,,2025-04-28T13:04:26Z,https://www.congress.gov/img/member/116_rp_tn_8_kustoff_david_200.jpg
C001091,Joaquin Castro,Joaquin,,Castro,,House,Texas,20,Democratic,2013,,2025-04-28T13:04:26Z,https://www.congress.gov/img/member/c001091_200.jpg
W000814,Randy K. Sr. Weber,Randy,K.,Weber,,House,Texas,14,Republican,2013,,2025-04-28T13:04:26Z,https://www.congress.gov/img/member/w000814_200.jpg
D000616,Scott DesJarlais,Scott,,DesJarlais,,House,Tennessee,4,Republican,2011,,2025-04-28T13:04:26Z,https://www.congress.gov/img/member/d000616_200.jpg
F000459,"Charles J. ""Chuck"" Fleischmann",Charles,J.,Fleischmann,Chuck,House,Tennessee,3,Republican,2011,,2025-04-28T13:04:26Z,https://www.congress.gov/img/member/f000459_200.jpg
C001068,Steve Cohen,Steve,,Cohen,,House,Tennessee,9,Democratic,2007,,2025-04-28T13:04:26Z,https://www.congress.gov/img/member/c001068_200.jpg
S000250,Pete Sessions,Pete,,Sessions,,House,Texas,17,Republican,2021,,2025-04-28T13:04:26Z,https://www.congress.gov/img/member/115_rp_tx_32_sessions_pete_200.jpg
M001157,Michael T. McCaul,Michael,T.,McCaul,,House,Texas,10,Republican,2005,,2025-04-28T13:04:26Z,https://www.congress.gov/img/member/116_rp_tx_10_mccaul_michael_200.jpg
G000553,Al Green,Al,,Green,,House,Texas,9,Democratic,2005,,2025-04-28T13:04:26Z,https://www.congress.gov/img/member/116_rp_tx_9_green_al_200.jpg
C000537,James E. Clyburn,James,E.,Clyburn,,House,South Carolina,6,Democratic,1993,,2025-04-28T13:04:26Z,https://www.congress.gov/img/member/c000537_200.jpg
M001230,Ryan Mackenzie,Ryan,,Mackenzie,,House,Pennsylvania,7,Republican,2025,,2025-04-28T13:04:25Z,https://www.congress.gov/img/member/677430a40b34857ecc909113_200.jpg
D000635,Maxine Dexter,Maxine,,Dexter,,House,Oregon,3,Democratic,2025,,2025-04-28T13:04:25Z,https://www.congress.gov/img/member/677425260b34857ecc90907d_200.jpg
B001327,Robert P. Bresnahan,Robert,P.,Bresnahan,,House,Pennsylvania,8,Republican,2025,,2025-04-28T13:04:25Z,https://www.congress.gov/img/member/6774236f0b34857ecc90905f_200.jpg
B001326,Janelle S. Bynum,Janelle,S.,Bynum,,House,Oregon,5,Democratic,2025,,2025-04-28T13:04:25Z,https://www.congress.gov/img/member/677423150b34857ecc909059_200.jpg
A000380,Gabe Amo,Gabe,,Amo,,House,Rhode Island,1,Democratic,2023,,2025-04-28T13:04:25Z,https://www.congress.gov/img/member/669ace45fa2fb0d731226768_200.jpg
S001226,Andrea Salinas,Andrea,,Salinas,,House,Oregon,6,Democratic,2023,,2025-04-28T13:04:25Z,https://www.congress.gov/img/member/s001226_200.jpg
M001223,Seth Magaziner,Seth,,Magaziner,,House,Rhode Island,2,Democratic,2023,,2025-04-28T13:04:25Z,https://www.congress.gov/img/member/m001223_200.jpg
L000602,Summer L. Lee,Summer,L.,Lee,,House,Pennsylvania,12,Democratic,2023,,2025-04-28T13:04:25Z,https://www.congress.gov/img/member/l000602_200.jpg
H001094,Val T. Hoyle,Val,T.,Hoyle,,House,Oregon,4,Democratic,2023,,2025-04-28T13:04:25Z,https://www.congress.gov/img/member/h001094_200.jpg
D000530,Christopher R. Deluzio,Christopher,R.,Deluzio,,House,Pennsylvania,17,Democratic,2023,,2025-04-28T13:04:25Z,https://www.congress.gov/img/member/d000530_200.jpg
B001317,Josh Brecheen,Josh,,Brecheen,,House,Oklahoma,2,Republican,2023,,2025-04-28T13:04:25Z,https://www.congress.gov/img/member/b001317_200.jpg
M000194,Nancy Mace,Nancy,,Mace,,House,South Carolina,1,Republican,2021,,2025-04-28T13:04:25Z,https://www.congress.gov/img/member/m000194_200.jpg
B000740,Stephanie I. Bice,Stephanie,I.,Bice,,House,Oklahoma,5,Republican,2021,,2025-04-28T13:04:25Z,https://www.congress.gov/img/member/b000740_200.jpg
B000668,Cliff Bentz,Cliff,,Bentz,,House,Oregon,2,Republican,2021,,2025-04-28T13:04:25Z,https://www.congress.gov/img/member/b000668_200.jpg
R000610,Guy Reschenthaler,Guy,,Reschenthaler,,House,Pennsylvania,14,Republican,2019,,2025-04-28T13:04:25Z,https://www.congress.gov/img/member/r000610_200.jpg
J000302,John Joyce,John,,Joyce,,House,Pennsylvania,13,Republican,2019,,2025-04-28T13:04:25Z,https://www.congress.gov/img/member/j000302_200.jpg
M001204,Daniel Meuser,Daniel,,Meuser,,House,Pennsylvania,9,Republican,2019,,2025-04-28T13:04:25Z,https://www.congress.gov/img/member/6776ebbf4f8a93753830ca7d_200.jpg
D000631,Madeleine Dean,Madeleine,,Dean,,House,Pennsylvania,4,Democratic,2019,,2025-04-28T13:04:25Z,https://www.congress.gov/img/member/d000631_200.jpg
H001082,Kevin Hern,Kevin,,Hern,,House,Oklahoma,1,Republican,2018,,2025-04-28T13:04:25Z,https://www.congress.gov/img/member/h001082_200.jpg
S001205,Mary Gay Scanlon,Mary,Gay,Scanlon,,House,Pennsylvania,5,Democratic,2018,,2025-04-28T13:04:25Z,https://www.congress.gov/img/member/116_rp_pa_5_scanlon_mary_200.jpg
S001199,Lloyd Smucker,Lloyd,,Smucker,,House,Pennsylvania,11,Republican,2017,,2025-04-28T13:04:25Z,https://www.congress.gov/img/member/s001199_200.jpg
F000466,Brian K. Fitzpatrick,Brian,K.,Fitzpatrick,,House,Pennsylvania,1,Republican,2017,,2025-04-28T13:04:25Z,https://www.congress.gov/img/member/116_rp_pa_1_fitzpatrick_brian_200.jpg
E000296,Dwight Evans,Dwight,,Evans,,House,Pennsylvania,3,Democratic,2016,,2025-04-28T13:04:25Z,https://www.congress.gov/img/member/115_rp_pa_2_evans_dwight_200.jpg
B001296,Brendan F. Boyle,Brendan,F.,Boyle,,House,Pennsylvania,2,Democratic,2015,,2025-04-28T13:04:25Z,https://www.congress.gov/img/member/115_rp_pa_13_boyle_brendan_200.jpg
P000605,Scott Perry,Scott,,Perry,,House,Pennsylvania,10,Republican,2013,,2025-04-28T13:04:25Z,https://www.congress.gov/img/member/677ec7d3514c773869b6b915_200.jpg
B001278,Suzanne Bonamici,Suzanne,,Bonamici,,House,Oregon,1,Democratic,2012,,2025-04-28T13:04:25Z,https://www.congress.gov/img/member/b001278_200.jpg
K000376,Mike Kelly,Mike,,Kelly,,House,Pennsylvania,16,Republican,2011,,2025-04-28T13:04:25Z,https://www.congress.gov/img/member/k000376_200.jpg
T000467,Glenn Thompson,Glenn,,Thompson,,House,Pennsylvania,15,Republican,2009,,2025-04-28T13:04:25Z,https://www.congress.gov/img/member/115_rp_pa_5_thompson_glenn_200.jpg
L000491,Frank D. Lucas,Frank,D.,Lucas,,House,Oklahoma,3,Republican,1993,,2025-04-28T13:04:25Z,https://www.congress.gov/img/member/116_rp_ok_3_lucas_frank_200.jpg
C001053,Tom Cole,Tom,,Cole,,House,Oklahoma,4,Republican,2003,,2025-04-28T13:04:25Z,https://www.congress.gov/img/member/c001053_200.jpg
W000795,Joe Wilson,Joe,,Wilson,,House,South Carolina,2,Republican,2001,,2025-04-28T13:04:25Z,https://www.congress.gov/img/member/116_rp_sc_2_wilson_joe_200.jpg
T000490,David J. Taylor,David,J.,Taylor,,House,Ohio,2,Republican,2025,,2025-04-28T13:04:24Z,https://www.congress.gov/img/member/677460190b34857ecc9091a3_200.jpg
R000622,Josh Riley,Josh,,Riley,,House,New York,19,Democratic,2025,,2025-04-28T13:04:24Z,https://www.congress.gov/img/member/67745e360b34857ecc909179_200.jpg
M001231,John W. Mannion,John,W.,Mannion,,House,New York,22,Democratic,2025,,2025-04-28T13:04:24Z,https://www.congress.gov/img/member/677446860b34857ecc909119_200.jpg
L000606,George Latimer,George,,Latimer,,House,New York,16,Democratic,2025,,2025-04-28T13:04:24Z,https://www.congress.gov/img/member/6774301b0b34857ecc909107_200.jpg
R000619,Michael A. Rulli,Michael,A.,Rulli,,House,Ohio,6,Republican,2024,,2025-04-28T13:04:24Z,https://www.congress.gov/img/member/668e9425658443009a697c95_200.jpg
K000402,Timothy M. Kennedy,Timothy,M.,Kennedy,,House,New York,26,Democratic,2024,,2025-04-28T13:04:24Z,https://www.congress.gov/img/member/668e9306658443009a697c8c_200.jpg
S001223,Emilia Strong Sykes,Emilia,Strong,Sykes,,House,Ohio,13,Democratic,2023,,2025-04-28T13:04:24Z,https://www.congress.gov/img/member/s001223_200.jpg
M001222,Max L. Miller,Max,L.,Miller,,House,Ohio,7,Republican,2023,,2025-04-28T13:04:24Z,https://www.congress.gov/img/member/680908fb6c2e6631263de71f_200.jpg
L000599,Michael Lawler,Michael,,Lawler,,House,New York,17,Republican,2023,,2025-04-28T13:04:24Z,https://www.congress.gov/img/member/l000599_200.jpg
L000600,Nicholas A. Langworthy,Nicholas,A.,Langworthy,,House,New York,23,Republican,2023,,2025-04-28T13:04:24Z,https://www.congress.gov/img/member/680901e76c2e6631263de716_200.jpg
L000601,Greg Landsman,Greg,,Landsman,,House,Ohio,1,Democratic,2023,,2025-04-28T13:04:24Z,https://www.congress.gov/img/member/l000601_200.jpg
R000579,Patrick Ryan,Patrick,,Ryan,,House,New York,18,Democratic,2022,,2025-04-28T13:04:24Z,https://www.congress.gov/img/member/r000579_200.jpg
C001126,Mike Carey,Mike,,Carey,,House,Ohio,15,Republican,2021,,2025-04-28T13:04:24Z,https://www.congress.gov/img/member/c001126_200.jpg
B001313,Shontel M. Brown,Shontel,M.,Brown,,House,Ohio,11,Democratic,2021,,2025-04-28T13:04:24Z,https://www.congress.gov/img/member/b001313_200.jpg
T000486,Ritchie Torres,Ritchie,,Torres,,House,New York,15,Democratic,2021,,2025-04-28T13:04:24Z,https://www.congress.gov/img/member/t000486_200.jpg
O000172,Alexandria Ocasio-Cortez,Alexandria,,Ocasio-Cortez,,House,New York,14,Democratic,2019,,2025-04-28T13:04:24Z,https://www.congress.gov/img/member/o000172_200.jpg
M001206,Joseph D. Morelle,Joseph,D.,Morelle,,House,New York,25,Democratic,2018,,2025-04-28T13:04:24Z,https://www.congress.gov/img/member/67ffc962f22eaf56065817bb_200.jpg
B001306,Troy Balderson,Troy,,Balderson,,House,Ohio,12,Republican,2018,,2025-04-28T13:04:24Z,https://www.congress.gov/img/member/116_rp_oh_12_balderson_troy_200.jpg
T000478,Claudia Tenney,Claudia,,Tenney,,House,New York,24,Republican,2021,,2025-04-28T13:04:24Z,https://www.congress.gov/img/member/t000478_200.jpg
E000297,Adriano Espaillat,Adriano,,Espaillat,,House,New York,13,Democratic,2017,,2025-04-28T13:04:24Z,https://www.congress.gov/img/member/e000297_200.jpg
D000626,Warren Davidson,Warren,,Davidson,,House,Ohio,8,Republican,2016,,2025-04-28T13:04:24Z,https://www.congress.gov/img/member/115_rp_oh_8_davidson_warren_200.jpg
S001196,Elise M. Stefanik,Elise,M.,Stefanik,,House,New York,21,Republican,2015,,2025-04-28T13:04:24Z,https://www.congress.gov/img/member/s001196_200.jpg
J000295,David P. Joyce,David,P.,Joyce,,House,Ohio,14,Republican,2013,,2025-04-28T13:04:24Z,https://www.congress.gov/img/member/j000295_200.jpg
B001281,Joyce Beatty,Joyce,,Beatty,,House,Ohio,3,Democratic,2013,,2025-04-28T13:04:24Z,https://www.congress.gov/img/member/b001281_200.jpg
L000566,Robert E. Latta,Robert,E.,Latta,,House,Ohio,5,Republican,2007,,2025-04-28T13:04:24Z,https://www.congress.gov/img/member/l000566_200.jpg
J000289,Jim Jordan,Jim,,Jordan,,House,Ohio,4,Republican,2007,,2025-04-28T13:04:24Z,https://www.congress.gov/img/member/j000289_200.jpg
T000469,Paul Tonko,Paul,,Tonko,,House,New York,20,Democratic,2009,,2025-04-28T13:04:24Z,https://www.congress.gov/img/member/t000469_200.jpg
N000002,Jerrold Nadler,Jerrold,,Nadler,,House,New York,12,Democratic,1991,,2025-04-28T13:04:24Z,https://www.congress.gov/img/member/n000002_200.jpg
T000463,Michael R. Turner,Michael,R.,Turner,,House,Ohio,10,Republican,2003,,2025-04-28T13:04:24Z,https://www.congress.gov/img/member/68014c674e51529406f18e56_200.jpg
K000009,Marcy Kaptur,Marcy,,Kaptur,,House,Ohio,9,Democratic,1983,,2025-04-28T13:04:24Z,https://www.congress.gov/img/member/k000009_200.jpg
P000621,Nellie Pou,Nellie,,Pou,,House,New Jersey,9,Democratic,2025,,2025-04-28T13:04:23Z,https://www.congress.gov/img/member/67745d3b0b34857ecc909167_200.jpg
G000604,Maggie Goodlander,Maggie,,Goodlander,,House,New Hampshire,2,Democratic,2025,,2025-04-28T13:04:23Z,https://www.congress.gov/img/member/678ff62d66bf616cf1a7ce13_200.jpg
G000602,Laura Gillen,Laura,,Gillen,,House,New York,4,Democratic,2025,,2025-04-28T13:04:23Z,https://www.congress.gov/img/member/677427de0b34857ecc9090ad_200.jpg
C001136,Herbert C. Conaway,Herbert,C.,Conaway,,House,New Jersey,3,Democratic,2025,,2025-04-28T13:04:23Z,https://www.congress.gov/img/member/6774243a0b34857ecc90906b_200.jpg
V000136,Gabe Vasquez,Gabe,,Vasquez,,House,New Mexico,2,Democratic,2023,,2025-04-28T13:04:23Z,https://www.congress.gov/img/member/v000136_200.jpg
L000598,Nick LaLota,Nick,,LaLota,,House,New York,1,Republican,2023,,2025-04-28T13:04:23Z,https://www.congress.gov/img/member/l000598_200.jpg
K000398,Thomas H. Kean,Thomas,H.,Kean,,House,New Jersey,7,Republican,2023,,2025-04-28T13:04:23Z,https://www.congress.gov/img/member/k000398_200.jpg
G000599,Daniel S. Goldman,Daniel,S.,Goldman,,House,New York,10,Democratic,2023,,2025-04-28T13:04:23Z,https://www.congress.gov/img/member/g000599_200.jpg
S001218,Melanie A. Stansbury,Melanie,A.,Stansbury,,House,New Mexico,1,Democratic,2021,,2025-04-28T13:04:23Z,https://www.congress.gov/img/member/s001218_200.jpg
M000317,Nicole Malliotakis,Nicole,,Malliotakis,,House,New York,11,Republican,2021,,2025-04-28T13:04:23Z,https://www.congress.gov/img/member/m000317_200.jpg
L000273,Teresa Leger Fernandez,Teresa,,Leger Fernandez,,House,New Mexico,3,Democratic,2021,,2025-04-28T13:04:23Z,https://www.congress.gov/img/member/l000273_200.jpg
G000597,Andrew R. Garbarino,Andrew,R.,Garbarino,,House,New York,2,Republican,2021,,2025-04-28T13:04:23Z,https://www.congress.gov/img/member/g000597_200.jpg
L000590,Susie Lee,Susie,,Lee,,House,Nevada,3,Democratic,2019,,2025-04-28T13:04:23Z,https://www.congress.gov/img/member/l000590_200.jpg
S001207,Mikie Sherrill,Mikie,,Sherrill,,House,New Jersey,11,Democratic,2019,,2025-04-28T13:04:23Z,https://www.congress.gov/img/member/s001207_200.jpg
V000133,Jefferson Van Drew,Jefferson,,Van Drew,,House,New Jersey,2,Republican,2019,,2025-04-28T13:04:23Z,https://www.congress.gov/img/member/67c0c39d53fe81a4b3c0cac1_200.jpg
P000614,Chris Pappas,Chris,,Pappas,,House,New Hampshire,1,Democratic,2019,,2025-04-28T13:04:23Z,https://www.congress.gov/img/member/p000614_200.jpg
S001201,Thomas R. Suozzi,Thomas,R.,Suozzi,,House,New York,3,Democratic,2017,,2025-04-28T13:04:23Z,https://www.congress.gov/img/member/116_rp_ny_3_suozzi_thomas_200.jpg
G000583,Josh Gottheimer,Josh,,Gottheimer,,House,New Jersey,5,Democratic,2017,,2025-04-28T13:04:23Z,https://www.congress.gov/img/member/115_rp_nj_5_gottheimer_josh_200.jpg
W000822,Bonnie Watson Coleman,Bonnie,,Watson Coleman,,House,New Jersey,12,Democratic,2015,,2025-04-28T13:04:23Z,https://www.congress.gov/img/member/w000822_200.jpg
N000188,Donald Norcross,Donald,,Norcross,,House,New Jersey,1,Democratic,2014,,2025-04-28T13:04:23Z,https://www.congress.gov/img/member/n000188_200.jpg
J000294,Hakeem S. Jeffries,Hakeem,S.,Jeffries,,House,New York,8,Democratic,2013,,2025-04-28T13:04:23Z,https://www.congress.gov/img/member/j000294_200.jpg
M001188,Grace Meng,Grace,,Meng,,House,New York,6,Democratic,2013,,2025-04-28T13:04:23Z,https://www.congress.gov/img/member/m001188_200.jpg
H001066,Steven Horsford,Steven,,Horsford,,House,Nevada,4,Democratic,2019,,2025-04-28T13:04:23Z,https://www.congress.gov/img/member/h001066_200.jpg
A000369,Mark E. Amodei,Mark,E.,Amodei,,House,Nevada,2,Republican,2011,,2025-04-28T13:04:23Z,https://www.congress.gov/img/member/a000369_200.jpg
C001067,Yvette D. Clarke,Yvette,D.,Clarke,,House,New York,9,Democratic,2007,,2025-04-28T13:04:23Z,https://www.congress.gov/img/member/674dfc6b5c48ff736e6e1762_200.jpg
T000468,Dina Titus,Dina,,Titus,,House,Nevada,1,Democratic,2013,,2025-04-28T13:04:23Z,https://www.congress.gov/img/member/6809296b6c2e6631263de728_200.jpg
P000034,Frank Pallone,Frank,,Pallone,,House,New Jersey,6,Democratic,1987,,2025-04-28T13:04:23Z,https://www.congress.gov/img/member/p000034_200.jpg
M001137,Gregory W. Meeks,Gregory,W.,Meeks,,House,New York,5,Democratic,1997,,2025-04-28T13:04:23Z,https://www.congress.gov/img/member/m001137_200.jpg
V000081,Nydia M. Velázquez,Nydia,M.,Velázquez,,House,New York,7,Democratic,1993,,2025-04-28T13:04:23Z,https://www.congress.gov/img/member/v000081_200.jpg
S000522,Christopher H. Smith,Christopher,H.,Smith,,House,New Jersey,4,Republican,1981,,2025-04-28T13:04:23Z,https://www.congress.gov/img/member/s000522_200.jpg
M001240,Addison P. McDowell,Addison,P.,McDowell,,House,North Carolina,6,Republican,2025,,2025-04-28T13:04:22Z,https://www.congress.gov/img/member/67744e930b34857ecc90914f_200.jpg
M001236,Tim Moore,Tim,,Moore,,House,North Carolina,14,Republican,2025,,2025-04-28T13:04:22Z,https://www.congress.gov/img/member/67744a540b34857ecc909137_200.jpg
K000405,Brad Knott,Brad,,Knott,,House,North Carolina,13,Republican,2025,,2025-04-28T13:04:22Z,https://www.congress.gov/img/member/67742fc60b34857ecc909101_200.jpg
H001102,Mark Harris,Mark,,Harris,,House,North Carolina,8,Republican,2025,,2025-04-28T13:04:22Z,https://www.congress.gov/img/member/67742d1b0b34857ecc9090dd_200.jpg
H001101,Pat Harrigan,Pat,,Harrigan,,House,North Carolina,10,Republican,2025,,2025-04-28T13:04:22Z,https://www.congress.gov/img/member/67742ca40b34857ecc9090d7_200.jpg
F000482,Julie Fedorchak,Julie,,Fedorchak,,House,North Dakota,0,Republican,2025,,2025-04-28T13:04:22Z,https://www.congress.gov/img/member/677426c20b34857ecc90909b_200.jpg
E000246,Chuck Edwards,Chuck,,Edwards,,House,North Carolina,11,Republican,2023,,2025-04-28T13:04:22Z,https://www.congress.gov/img/member/e000246_200.jpg
F000474,Mike Flood,Mike,,Flood,,House,Nebraska,1,Republican,2022,,2025-04-28T13:04:22Z,https://www.congress.gov/img/member/67b4de4a61bd80d04553b0a5_200.jpg
B001298,Don Bacon,Don,,Bacon,,House,Nebraska,2,Republican,2017,,2025-04-28T13:04:22Z,https://www.congress.gov/img/member/115_rp_ne_2_bacon_don_200.jpg
R000603,David Rouzer,David,,Rouzer,,House,North Carolina,7,Republican,2015,,2025-04-28T13:04:22Z,https://www.congress.gov/img/member/r000603_200.jpg
A000370,Alma S. Adams,Alma,S.,Adams,,House,North Carolina,12,Democratic,2014,,2025-04-28T13:04:22Z,https://www.congress.gov/img/member/a000370_200.jpg
H001067,Richard Hudson,Richard,,Hudson,,House,North Carolina,9,Republican,2013,,2025-04-28T13:04:22Z,https://www.congress.gov/img/member/h001067_200.jpg
S001172,Adrian Smith,Adrian,,Smith,,House,Nebraska,3,Republican,2007,,2025-04-28T13:04:22Z,https://www.congress.gov/img/member/s001172_200.jpg
F000450,Virginia Foxx,Virginia,,Foxx,,House,North Carolina,5,Republican,2005,,2025-04-28T13:04:22Z,https://www.congress.gov/img/member/116_rp_nc_5_foxx_virginia_200.jpg
O000177,Robert F. Onder,Robert,F.,Onder,,House,Missouri,3,Republican,2025,,2025-04-28T13:04:21Z,https://www.congress.gov/img/member/67744f970b34857ecc909161_200.jpg
M001234,Kelly Morrison,Kelly,,Morrison,,House,Minnesota,3,Democratic,2025,,2025-04-28T13:04:21Z,https://www.congress.gov/img/member/677449a70b34857ecc90912b_200.jpg
D000634,Troy Downing,Troy,,Downing,,House,Montana,2,Republican,2025,,2025-04-28T13:04:21Z,https://www.congress.gov/img/member/677424da0b34857ecc909077_200.jpg
B001324,Wesley Bell,Wesley,,Bell,,House,Missouri,1,Democratic,2025,,2025-04-28T13:04:21Z,https://www.congress.gov/img/member/677422240b34857ecc90904a_200.jpg
J000307,John James,John,,James,,House,Michigan,10,Republican,2023,,2025-04-28T13:04:21Z,https://www.congress.gov/img/member/j000307_200.jpg
E000235,Mike Ezell,Mike,,Ezell,,House,Mississippi,4,Republican,2023,,2025-04-28T13:04:21Z,https://www.congress.gov/img/member/e000235_200.jpg
D000230,Donald G. Davis,Donald,G.,Davis,,House,North Carolina,1,Democratic,2023,,2025-04-28T13:04:21Z,https://www.congress.gov/img/member/d000230_200.jpg
B001316,Eric Burlison,Eric,,Burlison,,House,Missouri,7,Republican,2023,,2025-04-28T13:04:21Z,https://www.congress.gov/img/member/b001316_200.jpg
A000379,Mark Alford,Mark,,Alford,,House,Missouri,4,Republican,2023,,2025-04-28T13:04:21Z,https://www.congress.gov/img/member/a000379_200.jpg
F000475,Brad Finstad,Brad,,Finstad,,House,Minnesota,1,Republican,2022,,2025-04-28T13:04:21Z,https://www.congress.gov/img/member/f000475_200.jpg
R000305,Deborah K. Ross,Deborah,K.,Ross,,House,North Carolina,2,Democratic,2021,,2025-04-28T13:04:21Z,https://www.congress.gov/img/member/r000305_200.jpg
F000470,Michelle Fischbach,Michelle,,Fischbach,,House,Minnesota,7,Republican,2021,,2025-04-28T13:04:21Z,https://www.congress.gov/img/member/f000470_200.jpg
M001210,Gregory F. Murphy,Gregory,F.,Murphy,,House,North Carolina,3,Republican,2019,,2025-04-28T13:04:21Z,https://www.congress.gov/img/member/m001210_200.jpg
G000591,Michael Guest,Michael,,Guest,,House,Mississippi,3,Republican,2019,,2025-04-28T13:04:21Z,https://www.congress.gov/img/member/g000591_200.jpg
S001212,Pete Stauber,Pete,,Stauber,,House,Minnesota,8,Republican,2019,,2025-04-28T13:04:21Z,https://www.congress.gov/img/member/s001212_200.jpg
O000173,Ilhan Omar,Ilhan,,Omar,,House,Minnesota,5,Democratic,2019,,2025-04-28T13:04:21Z,https://www.congress.gov/img/member/o000173_200.jpg
C001119,Angie Craig,Angie,,Craig,,House,Minnesota,2,Democratic,2019,,2025-04-28T13:04:21Z,https://www.congress.gov/img/member/c001119_200.jpg
T000481,Rashida Tlaib,Rashida,,Tlaib,,House,Michigan,12,Democratic,2019,,2025-04-28T13:04:21Z,https://www.congress.gov/img/member/t000481_200.jpg
S001215,Haley M. Stevens,Haley,M.,Stevens,,House,Michigan,11,Democratic,2019,,2025-04-28T13:04:21Z,https://www.congress.gov/img/member/s001215_200.jpg
K000388,Trent Kelly,Trent,,Kelly,,House,Mississippi,1,Republican,2015,,2025-04-28T13:04:21Z,https://www.congress.gov/img/member/116_rp_ms_1_kelly_trent_200.jpg
Z000018,Ryan K. Zinke,Ryan,K.,Zinke,,House,Montana,1,Republican,2023,,2025-04-28T13:04:21Z,https://www.congress.gov/img/member/117_rp_mt_1_zinke_ryan_200.jpg
E000294,Tom Emmer,Tom,,Emmer,,House,Minnesota,6,Republican,2015,,2025-04-28T13:04:21Z,https://www.congress.gov/img/member/e000294_200.jpg
W000812,Ann Wagner,Ann,,Wagner,,House,Missouri,2,Republican,2013,,2025-04-28T13:04:21Z,https://www.congress.gov/img/member/w000812_200.jpg
S001195,Jason Smith,Jason,,Smith,,House,Missouri,8,Republican,2013,,2025-04-28T13:04:21Z,https://www.congress.gov/img/member/s001195_200.jpg
T000193,Bennie G. Thompson,Bennie,G.,Thompson,,House,Mississippi,2,Democratic,1993,,2025-04-28T13:04:21Z,https://www.congress.gov/img/member/t000193_200.jpg
C001061,Emanuel Cleaver,Emanuel,,Cleaver,,House,Missouri,5,Democratic,2005,,2025-04-28T13:04:21Z,https://www.congress.gov/img/member/116_rp_mo_5_cleaver_emanuel_200.jpg
G000546,Sam Graves,Sam,,Graves,,House,Missouri,6,Republican,2001,,2025-04-28T13:04:21Z,https://www.congress.gov/img/member/g000546_200.jpg
M001143,Betty McCollum,Betty,,McCollum,,House,Minnesota,4,Democratic,2001,,2025-04-28T13:04:21Z,https://www.congress.gov/img/member/116_rp_mn_4_mccollum_betty_200.jpg
O000176,Johnny Olszewski,Johnny,,Olszewski,,House,Maryland,2,Democratic,2025,,2025-04-28T13:04:20Z,https://www.congress.gov/img/member/67744f4e0b34857ecc90915b_200.jpg
M001237,Kristen McDonald Rivet,Kristen,,McDonald Rivet,,House,Michigan,8,Democratic,2025,,2025-04-28T13:04:20Z,https://www.congress.gov/img/member/67744afa0b34857ecc90913d_200.jpg
M001232,April McClain Delaney,April,,McClain Delaney,,House,Maryland,6,Democratic,2025,,2025-04-28T13:04:20Z,https://www.congress.gov/img/member/677446d80b34857ecc90911f_200.jpg
E000301,Sarah Elfreth,Sarah,,Elfreth,,House,Maryland,3,Democratic,2025,,2025-04-28T13:04:20Z,https://www.congress.gov/img/member/677425dc0b34857ecc909089_200.jpg
B001321,Tom Barrett,Tom,,Barrett,,House,Michigan,7,Republican,2025,,2025-04-28T13:04:20Z,https://www.congress.gov/img/member/6774207d0b34857ecc909034_200.jpg
I000058,Glenn Ivey,Glenn,,Ivey,,House,Maryland,4,Democratic,2023,,2025-04-28T13:04:20Z,https://www.congress.gov/img/member/i000058_200.jpg
M001136,Lisa C. McClain,Lisa,C.,McClain,,House,Michigan,9,Republican,2021,,2025-04-28T13:04:20Z,https://www.congress.gov/img/member/677836d41658e791a384976d_200.jpg
A000148,Jake Auchincloss,Jake,,Auchincloss,,House,Massachusetts,4,Democratic,2021,,2025-04-28T13:04:20Z,https://www.congress.gov/img/member/67817e391f9ad6ea6fb1ebda_200.jpg
G000592,Jared F. Golden,Jared,F.,Golden,,House,Maine,2,Democratic,2019,,2025-04-28T13:04:20Z,https://www.congress.gov/img/member/g000592_200.jpg
P000617,Ayanna Pressley,Ayanna,,Pressley,,House,Massachusetts,7,Democratic,2019,,2025-04-28T13:04:20Z,https://www.congress.gov/img/member/p000617_200.jpg
T000482,Lori Trahan,Lori,,Trahan,,House,Massachusetts,3,Democratic,2019,,2025-04-28T13:04:20Z,https://www.congress.gov/img/member/t000482_200.jpg
B001301,Jack Bergman,Jack,,Bergman,,House,Michigan,1,Republican,2017,,2025-04-28T13:04:20Z,https://www.congress.gov/img/member/b001301_200.jpg
R000606,Jamie Raskin,Jamie,,Raskin,,House,Maryland,8,Democratic,2017,,2025-04-28T13:04:20Z,https://www.congress.gov/img/member/r000606_200.jpg
D000624,Debbie Dingell,Debbie,,Dingell,,House,Michigan,6,Democratic,2015,,2025-04-28T13:04:20Z,https://www.congress.gov/img/member/d000624_200.jpg
M001194,John R. Moolenaar,John,R.,Moolenaar,,House,Michigan,2,Republican,2015,,2025-04-28T13:04:20Z,https://www.congress.gov/img/member/m001194_200.jpg
M001196,Seth Moulton,Seth,,Moulton,,House,Massachusetts,6,Democratic,2015,,2025-04-28T13:04:20Z,https://www.congress.gov/img/member/m001196_200.jpg
C001101,Katherine M. Clark,Katherine,M.,Clark,,House,Massachusetts,5,Democratic,2013,,2025-04-28T13:04:20Z,https://www.congress.gov/img/member/c001101_200.jpg
H001058,Bill Huizenga,Bill,,Huizenga,,House,Michigan,4,Republican,2011,,2025-04-28T13:04:20Z,https://www.congress.gov/img/member/h001058_200.jpg
H001052,Andy Harris,Andy,,Harris,,House,Maryland,1,Republican,2011,,2025-04-28T13:04:20Z,https://www.congress.gov/img/member/117_rp_md_1_harris_andy_200.jpg
K000375,William R. Keating,William,R.,Keating,,House,Massachusetts,9,Democratic,2011,,2025-04-28T13:04:20Z,https://www.congress.gov/img/member/k000375_200.jpg
W000798,Tim Walberg,Tim,,Walberg,,House,Michigan,5,Republican,2011,,2025-04-28T13:04:20Z,https://www.congress.gov/img/member/w000798_200.jpg
P000597,Chellie Pingree,Chellie,,Pingree,,House,Maine,1,Democratic,2009,,2025-04-28T13:04:20Z,https://www.congress.gov/img/member/p000597_200.jpg
M000312,James P. McGovern,James,P.,McGovern,,House,Massachusetts,2,Democratic,1997,,2025-04-28T13:04:20Z,https://www.congress.gov/img/member/117_rp_ma_2_mcgovern_james_200.jpg
N000015,Richard E. Neal,Richard,E.,Neal,,House,Massachusetts,1,Democratic,1989,,2025-04-28T13:04:20Z,https://www.congress.gov/img/member/n000015_200.jpg
M000687,Kweisi Mfume,Kweisi,,Mfume,,House,Maryland,7,Democratic,2020,,2025-04-28T13:04:20Z,https://www.congress.gov/img/member/m000687_200.jpg
L000562,Stephen F. Lynch,Stephen,F.,Lynch,,House,Massachusetts,8,Democratic,2001,,2025-04-28T13:04:20Z,https://www.congress.gov/img/member/l000562_200.jpg
F000110,Cleo Fields,Cleo,,Fields,,House,Louisiana,6,Democratic,2025,,2025-04-28T13:04:20Z,https://www.congress.gov/img/member/677426250b34857ecc90908f_200.jpg
H000874,Steny H. Hoyer,Steny,H.,Hoyer,,House,Maryland,5,Democratic,1981,,2025-04-28T13:04:20Z,https://www.congress.gov/img/member/116_rp_md_5_hoyer_steny_200.jpg
S001229,Jefferson Shreve,Jefferson,,Shreve,,House,Indiana,6,Republican,2025,,2025-04-28T13:04:19Z,https://www.congress.gov/img/member/67745f0e0b34857ecc90918b_200.jpg
S001228,Derek Schmidt,Derek,,Schmidt,,House,Kansas,2,Republican,2025,,2025-04-28T13:04:19Z,https://www.congress.gov/img/member/67745ec50b34857ecc909185_200.jpg
S001225,Eric Sorensen,Eric,,Sorensen,,House,Illinois,17,Democratic,2023,,2025-04-28T13:04:19Z,https://www.congress.gov/img/member/s001225_200.jpg
M001220,Morgan McGarvey,Morgan,,McGarvey,,House,Kentucky,3,Democratic,2023,,2025-04-28T13:04:19Z,https://www.congress.gov/img/member/m001220_200.jpg
H001093,Erin Houchin,Erin,,Houchin,,House,Indiana,9,Republican,2023,,2025-04-28T13:04:19Z,https://www.congress.gov/img/member/h001093_200.jpg
B001315,Nikki Budzinski,Nikki,,Budzinski,,House,Illinois,13,Democratic,2023,,2025-04-28T13:04:19Z,https://www.congress.gov/img/member/b001315_200.jpg
Y000067,Rudy Yakym,Rudy,,Yakym,,House,Indiana,2,Republican,2022,,2025-04-28T13:04:19Z,https://www.congress.gov/img/member/y000067_200.jpg
C001125,Troy A. Carter,Troy,A.,Carter,,House,Louisiana,2,Democratic,2021,,2025-04-28T13:04:19Z,https://www.congress.gov/img/member/c001125_200.jpg
L000595,Julia Letlow,Julia,,Letlow,,House,Louisiana,5,Republican,2021,,2025-04-28T13:04:19Z,https://www.congress.gov/img/member/l000595_200.jpg
S000929,Victoria Spartz,Victoria,,Spartz,,House,Indiana,5,Republican,2021,,2025-04-28T13:04:19Z,https://www.congress.gov/img/member/s000929_200.jpg
M001214,Frank J. Mrvan,Frank,J.,Mrvan,,House,Indiana,1,Democratic,2021,,2025-04-28T13:04:19Z,https://www.congress.gov/img/member/m001214_200.jpg
M001211,Mary E. Miller,Mary,E.,Miller,,House,Illinois,15,Republican,2021,,2025-04-28T13:04:19Z,https://www.congress.gov/img/member/m001211_200.jpg
M000871,Tracey Mann,Tracey,,Mann,,House,Kansas,1,Republican,2021,,2025-04-28T13:04:19Z,https://www.congress.gov/img/member/m000871_200.jpg
D000629,Sharice Davids,Sharice,,Davids,,House,Kansas,3,Democratic,2019,,2025-04-28T13:04:19Z,https://www.congress.gov/img/member/d000629_200.jpg
B001307,James R. Baird,James,R.,Baird,,House,Indiana,4,Republican,2019,,2025-04-28T13:04:19Z,https://www.congress.gov/img/member/b001307_200.jpg
U000040,Lauren Underwood,Lauren,,Underwood,,House,Illinois,14,Democratic,2019,,2025-04-28T13:04:19Z,https://www.congress.gov/img/member/u000040_200.jpg
E000298,Ron Estes,Ron,,Estes,,House,Kansas,4,Republican,2017,,2025-04-28T13:04:19Z,https://www.congress.gov/img/member/e000298_200.jpg
H001077,Clay Higgins,Clay,,Higgins,,House,Louisiana,3,Republican,2017,,2025-04-28T13:04:19Z,https://www.congress.gov/img/member/h001077_200.jpg
C001108,James Comer,James,,Comer,,House,Kentucky,1,Republican,2016,,2025-04-28T13:04:19Z,https://www.congress.gov/img/member/c001108_200.jpg
L000585,Darin LaHood,Darin,,LaHood,,House,Illinois,16,Republican,2015,,2025-04-28T13:04:19Z,https://www.congress.gov/img/member/115_rp_il_18_lahood_darin_200.jpg
B001295,Mike Bost,Mike,,Bost,,House,Illinois,12,Republican,2015,,2025-04-28T13:04:19Z,https://www.congress.gov/img/member/b001295_200.jpg
B001282,Andy Barr,Andy,,Barr,,House,Kentucky,6,Republican,2013,,2025-04-28T13:04:19Z,https://www.congress.gov/img/member/b001282_200.jpg
M001184,Thomas Massie,Thomas,,Massie,,House,Kentucky,4,Republican,2012,,2025-04-28T13:04:19Z,https://www.congress.gov/img/member/m001184_200.jpg
S001188,Marlin A. Stutzman,Marlin,A.,Stutzman,,House,Indiana,3,Republican,2025,,2025-04-28T13:04:19Z,https://www.congress.gov/img/member/67745e7e0b34857ecc90917f_200.jpg
G000558,Brett Guthrie,Brett,,Guthrie,,House,Kentucky,2,Republican,2009,,2025-04-28T13:04:19Z,https://www.congress.gov/img/member/g000558_200.jpg
S001176,Steve Scalise,Steve,,Scalise,,House,Louisiana,1,Republican,2008,,2025-04-28T13:04:19Z,https://www.congress.gov/img/member/s001176_200.jpg
F000454,Bill Foster,Bill,,Foster,,House,Illinois,11,Democratic,2013,,2025-04-28T13:04:19Z,https://www.congress.gov/img/member/f000454_200.jpg
C001072,André Carson,André,,Carson,,House,Indiana,7,Democratic,2008,,2025-04-28T13:04:19Z,https://www.congress.gov/img/member/c001072_200.jpg
R000395,Harold Rogers,Harold,,Rogers,,House,Kentucky,5,Republican,1981,,2025-04-28T13:04:19Z,https://www.congress.gov/img/member/r000395_200.jpg
J000311,Brian Jack,Brian,,Jack,,House,Georgia,3,Republican,2025,,2025-04-28T13:04:18Z,https://www.congress.gov/img/member/67742e330b34857ecc9090ef_200.jpg
T000487,Jill N. Tokuda,Jill,N.,Tokuda,,House,Hawaii,2,Democratic,2023,,2025-04-28T13:04:18Z,https://www.congress.gov/img/member/t000487_200.jpg
N000193,Zachary Nunn,Zachary,,Nunn,,House,Iowa,3,Republican,2023,,2025-04-28T13:04:18Z,https://www.congress.gov/img/member/n000193_200.jpg
M001218,Richard McCormick,Richard,,McCormick,,House,Georgia,7,Republican,2023,,2025-04-28T13:04:18Z,https://www.congress.gov/img/member/m001218_200.jpg
J000309,Jonathan L. Jackson,Jonathan,L.,Jackson,,House,Illinois,1,Democratic,2023,,2025-04-28T13:04:18Z,https://www.congress.gov/img/member/j000309_200.jpg
C001129,Mike Collins,Mike,,Collins,,House,Georgia,10,Republican,2023,,2025-04-28T13:04:18Z,https://www.congress.gov/img/member/c001129_200.jpg
W000788,Nikema Williams,Nikema,,Williams,,House,Georgia,5,Democratic,2021,,2025-04-28T13:04:18Z,https://www.congress.gov/img/member/w000788_200.jpg
M001215,Mariannette Miller-Meeks,Mariannette,,Miller-Meeks,,House,Iowa,1,Republican,2021,,2025-04-28T13:04:18Z,https://www.congress.gov/img/member/m001215_200.jpg
H001091,Ashley Hinson,Ashley,,Hinson,,House,Iowa,2,Republican,2021,,2025-04-28T13:04:18Z,https://www.congress.gov/img/member/677ed0c7514c773869b6b920_200.jpg
G000596,Marjorie Taylor Greene,Marjorie,Taylor,Greene,,House,Georgia,14,Republican,2021,,2025-04-28T13:04:18Z,https://www.congress.gov/img/member/g000596_200.jpg
F000446,Randy Feenstra,Randy,,Feenstra,,House,Iowa,4,Republican,2021,,2025-04-28T13:04:18Z,https://www.congress.gov/img/member/f000446_200.jpg
C001116,Andrew S. Clyde,Andrew,S.,Clyde,,House,Georgia,9,Republican,2021,,2025-04-28T13:04:18Z,https://www.congress.gov/img/member/c001116_200.jpg
C001117,Sean Casten,Sean,,Casten,,House,Illinois,6,Democratic,2019,,2025-04-28T13:04:18Z,https://www.congress.gov/img/member/c001117_200.jpg
G000586,"Jesús G. ""Chuy"" García",Jesús,G.,García,Chuy,House,Illinois,4,Democratic,2019,,2025-04-28T13:04:18Z,https://www.congress.gov/img/member/g000586_200.jpg
F000469,Russ Fulcher,Russ,,Fulcher,,House,Idaho,1,Republican,2019,,2025-04-28T13:04:18Z,https://www.congress.gov/img/member/f000469_200.jpg
M001208,Lucy McBath,Lucy,,McBath,,House,Georgia,6,Democratic,2019,,2025-04-28T13:04:18Z,https://www.congress.gov/img/member/m001208_200.jpg
K000391,Raja Krishnamoorthi,Raja,,Krishnamoorthi,,House,Illinois,8,Democratic,2017,,2025-04-28T13:04:18Z,https://www.congress.gov/img/member/k000391_200.jpg
A000372,Rick W. Allen,Rick,W.,Allen,,House,Georgia,12,Republican,2015,,2025-04-28T13:04:18Z,https://www.congress.gov/img/member/a000372_200.jpg
L000583,Barry Loudermilk,Barry,,Loudermilk,,House,Georgia,11,Republican,2015,,2025-04-28T13:04:18Z,https://www.congress.gov/img/member/115_rp_ga_11_loudermilk_barry_200.jpg
S001190,Bradley Scott Schneider,Bradley,Scott,Schneider,,House,Illinois,10,Democratic,2017,,2025-04-28T13:04:18Z,https://www.congress.gov/img/member/s001190_200.jpg
S001189,Austin Scott,Austin,,Scott,,House,Georgia,8,Republican,2011,,2025-04-28T13:04:18Z,https://www.congress.gov/img/member/s001189_200.jpg
J000288,"Henry C. ""Hank"" Johnson",Henry,C.,Johnson,Hank,House,Georgia,4,Democratic,2007,,2025-04-28T13:04:18Z,https://www.congress.gov/img/member/j000288_200.jpg
Q000023,Mike Quigley,Mike,,Quigley,,House,Illinois,5,Democratic,2009,,2025-04-28T13:04:18Z,https://www.congress.gov/img/member/q000023_200.jpg
K000385,Robin L. Kelly,Robin,L.,Kelly,,House,Illinois,2,Democratic,2013,,2025-04-28T13:04:18Z,https://www.congress.gov/img/member/116_rp_il_2_kelly_robin_200.jpg
S001148,Michael K. Simpson,Michael,K.,Simpson,,House,Idaho,2,Republican,1999,,2025-04-28T13:04:18Z,https://www.congress.gov/img/member/678152c81f9ad6ea6fb1eb7f_200.jpg
S001145,Janice D. Schakowsky,Janice,D.,Schakowsky,,House,Illinois,9,Democratic,1999,,2025-04-28T13:04:18Z,https://www.congress.gov/img/member/116_rp_il_9_schakowsky_janice_200.jpg
D000096,Danny K. Davis,Danny,K.,Davis,,House,Illinois,7,Democratic,1997,,2025-04-28T13:04:18Z,https://www.congress.gov/img/member/116_rp_il_7_davis_danny_200.jpg
B000490,Sanford D. Bishop,Sanford,D.,Bishop,,House,Georgia,2,Democratic,1993,,2025-04-28T13:04:18Z,https://www.congress.gov/img/member/b000490_200.jpg
S001157,David Scott,David,,Scott,,House,Georgia,13,Democratic,2003,,2025-04-28T13:04:18Z,https://www.congress.gov/img/member/116_rp_ga_13_scott_david_200.jpg
C001055,Ed Case,Ed,,Case,,House,Hawaii,1,Democratic,2019,,2025-04-28T13:04:18Z,https://www.congress.gov/img/member/c001055_200.jpg
M001238,Sarah McBride,Sarah,,McBride,,House,Delaware,0,Democratic,2025,,2025-04-28T13:04:17Z,https://www.congress.gov/img/member/67744b460b34857ecc909143_200.jpg
H001099,Mike Haridopolos,Mike,,Haridopolos,,House,Florida,8,Republican,2025,,2025-04-28T13:04:17Z,https://www.congress.gov/img/member/67742ab50b34857ecc9090cb_200.jpg
M001217,Jared Moskowitz,Jared,,Moskowitz,,House,Florida,23,Democratic,2023,,2025-04-28T13:04:17Z,https://www.congress.gov/img/member/m001217_200.jpg
M001216,Cory Mills,Cory,,Mills,,House,Florida,7,Republican,2023,,2025-04-28T13:04:17Z,https://www.congress.gov/img/member/m001216_200.jpg
L000596,Anna Paulina Luna,Anna,Paulina,Luna,,House,Florida,13,Republican,2023,,2025-04-28T13:04:17Z,https://www.congress.gov/img/member/l000596_200.jpg
L000597,Laurel M. Lee,Laurel,M.,Lee,,House,Florida,15,Republican,2023,,2025-04-28T13:04:17Z,https://www.congress.gov/img/member/l000597_200.jpg
F000476,Maxwell Frost,Maxwell,,Frost,,House,Florida,10,Democratic,2023,,2025-04-28T13:04:17Z,https://www.congress.gov/img/member/f000476_200.jpg
B001314,Aaron Bean,Aaron,,Bean,,House,Florida,4,Republican,2023,,2025-04-28T13:04:17Z,https://www.congress.gov/img/member/b001314_200.jpg
C001127,Sheila Cherfilus-McCormick,Sheila,,Cherfilus-McCormick,,House,Florida,20,Democratic,2022,,2025-04-28T13:04:17Z,https://www.congress.gov/img/member/c001127_200.jpg
S000168,Maria Elvira Salazar,Maria,Elvira,Salazar,,House,Florida,27,Republican,2021,,2025-04-28T13:04:17Z,https://www.congress.gov/img/member/s000168_200.jpg
G000593,Carlos A. Gimenez,Carlos,A.,Gimenez,,House,Florida,28,Republican,2021,,2025-04-28T13:04:17Z,https://www.congress.gov/img/member/g000593_200.jpg
F000472,Scott Franklin,Scott,,Franklin,,House,Florida,18,Republican,2021,,2025-04-28T13:04:17Z,https://www.congress.gov/img/member/f000472_200.jpg
D000032,Byron Donalds,Byron,,Donalds,,House,Florida,19,Republican,2021,,2025-04-28T13:04:17Z,https://www.congress.gov/img/member/d000032_200.jpg
C001039,Kat Cammack,Kat,,Cammack,,House,Florida,3,Republican,2021,,2025-04-28T13:04:17Z,https://www.congress.gov/img/member/c001039_200.jpg
S001214,W. Gregory Steube,W.,Gregory,Steube,,House,Florida,17,Republican,2019,,2025-04-28T13:04:17Z,https://www.congress.gov/img/member/s001214_200.jpg
M001199,Brian J. Mast,Brian,J.,Mast,,House,Florida,21,Republican,2017,,2025-04-28T13:04:17Z,https://www.congress.gov/img/member/116_rp_fl_18_mast_brian_200.jpg
S001200,Darren Soto,Darren,,Soto,,House,Florida,9,Democratic,2017,,2025-04-28T13:04:17Z,https://www.congress.gov/img/member/115_rp_fl_9_soto_darren_200.jpg
R000609,John H. Rutherford,John,H.,Rutherford,,House,Florida,5,Republican,2017,,2025-04-28T13:04:17Z,https://www.congress.gov/img/member/r000609_200.jpg
D000628,Neal P. Dunn,Neal,P.,Dunn,,House,Florida,2,Republican,2017,,2025-04-28T13:04:17Z,https://www.congress.gov/img/member/115_rp_fl_2_dunn_neal_200.jpg
C001103,"Earl L. ""Buddy"" Carter",Earl,L.,Carter,Buddy,House,Georgia,1,Republican,2015,,2025-04-28T13:04:17Z,https://www.congress.gov/img/member/c001103_200.jpg
F000462,Lois Frankel,Lois,,Frankel,,House,Florida,22,Democratic,2013,,2025-04-28T13:04:17Z,https://www.congress.gov/img/member/f000462_200.jpg
W000808,Frederica S. Wilson,Frederica,S.,Wilson,,House,Florida,24,Democratic,2011,,2025-04-28T13:04:17Z,https://www.congress.gov/img/member/w000808_200.jpg
W000806,Daniel Webster,Daniel,,Webster,,House,Florida,11,Republican,2011,,2025-04-28T13:04:17Z,https://www.congress.gov/img/member/w000806_200.jpg
B001260,Vern Buchanan,Vern,,Buchanan,,House,Florida,16,Republican,2007,,2025-04-28T13:04:17Z,https://www.congress.gov/img/member/b001260_200.jpg
C001066,Kathy Castor,Kathy,,Castor,,House,Florida,14,Democratic,2007,,2025-04-28T13:04:17Z,https://www.congress.gov/img/member/c001066_200.jpg
B001257,Gus M. Bilirakis,Gus,M.,Bilirakis,,House,Florida,12,Republican,2007,,2025-04-28T13:04:17Z,https://www.congress.gov/img/member/117_rp_fl_12_bilirakis_gus_200.jpg
W000797,Debbie Wasserman Schultz,Debbie,,Wasserman Schultz,,House,Florida,25,Democratic,2005,,2025-04-28T13:04:17Z,https://www.congress.gov/img/member/116_rp_fl_23_wassermanschultz_debbie_200.jpg
D000600,Mario Diaz-Balart,Mario,,Diaz-Balart,,House,Florida,26,Republican,2003,,2025-04-28T13:04:17Z,https://www.congress.gov/img/member/116_rp_fl_25_diazbalart_mario_200.jpg
T000491,Derek Tran,Derek,,Tran,,House,California,45,Democratic,2025,,2025-04-28T13:04:16Z,https://www.congress.gov/img/member/6774606d0b34857ecc9091a9_200.jpg
M001241,Dave Min,Dave,,Min,,House,California,47,Democratic,2025,,2025-04-28T13:04:16Z,https://www.congress.gov/img/member/67744ed90b34857ecc909155_200.jpg
H001100,Jeff Hurd,Jeff,,Hurd,,House,Colorado,3,Republican,2025,,2025-04-28T13:04:16Z,https://www.congress.gov/img/member/67742c5e0b34857ecc9090d1_200.jpg
E000300,Gabe Evans,Gabe,,Evans,,House,Colorado,8,Republican,2025,,2025-04-28T13:04:16Z,https://www.congress.gov/img/member/677425730b34857ecc909083_200.jpg
C001137,Jeff Crank,Jeff,,Crank,,House,Colorado,5,Republican,2025,,2025-04-28T13:04:16Z,https://www.congress.gov/img/member/677424810b34857ecc909071_200.jpg
P000620,Brittany Pettersen,Brittany,,Pettersen,,House,Colorado,7,Democratic,2023,,2025-04-28T13:04:16Z,https://www.congress.gov/img/member/p000620_200.jpg
G000598,Robert Garcia,Robert,,Garcia,,House,California,42,Democratic,2023,,2025-04-28T13:04:16Z,https://www.congress.gov/img/member/g000598_200.jpg
K000397,Young Kim,Young,,Kim,,House,California,40,Republican,2021,,2025-04-28T13:04:16Z,https://www.congress.gov/img/member/k000397_200.jpg
J000305,Sara Jacobs,Sara,,Jacobs,,House,California,51,Democratic,2021,,2025-04-28T13:04:16Z,https://www.congress.gov/img/member/j000305_200.jpg
B000825,Lauren Boebert,Lauren,,Boebert,,House,Colorado,4,Republican,2021,,2025-04-28T13:04:16Z,https://www.congress.gov/img/member/b000825_200.jpg
H001081,Jahana Hayes,Jahana,,Hayes,,House,Connecticut,5,Democratic,2019,,2025-04-28T13:04:16Z,https://www.congress.gov/img/member/h001081_200.jpg
C001121,Jason Crow,Jason,,Crow,,House,Colorado,6,Democratic,2019,,2025-04-28T13:04:16Z,https://www.congress.gov/img/member/c001121_200.jpg
N000191,Joe Neguse,Joe,,Neguse,,House,Colorado,2,Democratic,2019,,2025-04-28T13:04:16Z,https://www.congress.gov/img/member/n000191_200.jpg
L000593,Mike Levin,Mike,,Levin,,House,California,49,Democratic,2019,,2025-04-28T13:04:16Z,https://www.congress.gov/img/member/l000593_200.jpg
C001110,J. Luis Correa,J.,Luis,Correa,,House,California,46,Democratic,2017,,2025-04-28T13:04:16Z,https://www.congress.gov/img/member/115_rp_ca_46_correa_j_200.jpg
B001300,Nanette Diaz Barragán,Nanette,Diaz,Barragán,,House,California,44,Democratic,2017,,2025-04-28T13:04:16Z,https://www.congress.gov/img/member/b001300_200.jpg
P000608,Scott H. Peters,Scott,H.,Peters,,House,California,50,Democratic,2013,,2025-04-28T13:04:16Z,https://www.congress.gov/img/member/p000608_200.jpg
V000130,Juan Vargas,Juan,,Vargas,,House,California,52,Democratic,2013,,2025-04-28T13:04:16Z,https://www.congress.gov/img/member/v000130_200.jpg
T000472,Mark Takano,Mark,,Takano,,House,California,39,Democratic,2013,,2025-04-28T13:04:16Z,https://www.congress.gov/img/member/t000472_200.jpg
C001069,Joe Courtney,Joe,,Courtney,,House,Connecticut,2,Democratic,2007,,2025-04-28T13:04:16Z,https://www.congress.gov/img/member/c001069_200.jpg
H001047,James A. Himes,James,A.,Himes,,House,Connecticut,4,Democratic,2009,,2025-04-28T13:04:16Z,https://www.congress.gov/img/member/h001047_200.jpg
L000557,John B. Larson,John,B.,Larson,,House,Connecticut,1,Democratic,1999,,2025-04-28T13:04:16Z,https://www.congress.gov/img/member/l000557_200.jpg
D000197,Diana DeGette,Diana,,DeGette,,House,Colorado,1,Democratic,1997,,2025-04-28T13:04:16Z,https://www.congress.gov/img/member/116_rp_co_1_degette_diana_200.jpg
W000187,Maxine Waters,Maxine,,Waters,,House,California,43,Democratic,1991,,2025-04-28T13:04:16Z,https://www.congress.gov/img/member/w000187_200.jpg
I000056,Darrell Issa,Darrell,,Issa,,House,California,48,Republican,2021,,2025-04-28T13:04:16Z,https://www.congress.gov/img/member/i000056_200.jpg
C000059,Ken Calvert,Ken,,Calvert,,House,California,41,Republican,1993,,2025-04-28T13:04:16Z,https://www.congress.gov/img/member/c000059_200.jpg
D000216,Rosa L. DeLauro,Rosa,L.,DeLauro,,House,Connecticut,3,Democratic,1991,,2025-04-28T13:04:16Z,https://www.congress.gov/img/member/116_rp_ct_3_delauro_rosa_200.jpg
W000830,George Whitesides,George,,Whitesides,,House,California,27,Democratic,2025,,2025-04-28T13:04:15Z,https://www.congress.gov/img/member/677461d40b34857ecc9091bb_200.jpg
R000620,Luz M. Rivas,Luz,M.,Rivas,,House,California,29,Democratic,2025,,2025-04-28T13:04:15Z,https://www.congress.gov/img/member/67745d860b34857ecc90916d_200.jpg
L000607,Sam T. Liccardo,Sam,T.,Liccardo,,House,California,16,Democratic,2025,,2025-04-28T13:04:15Z,https://www.congress.gov/img/member/6774305d0b34857ecc90910d_200.jpg
G000605,Adam Gray,Adam,,Gray,,House,California,13,Democratic,2025,,2025-04-28T13:04:15Z,https://www.congress.gov/img/member/67742a160b34857ecc9090bf_200.jpg
F000483,Laura Friedman,Laura,,Friedman,,House,California,30,Democratic,2025,,2025-04-28T13:04:15Z,https://www.congress.gov/img/member/677427070b34857ecc9090a1_200.jpg
F000480,Vince Fong,Vince,,Fong,,House,California,20,Republican,2024,,2025-04-28T13:04:15Z,https://www.congress.gov/img/member/669ff04f5d19788d1f2034aa_200.jpg
M001225,Kevin Mullin,Kevin,,Mullin,,House,California,15,Democratic,2023,,2025-04-28T13:04:15Z,https://www.congress.gov/img/member/m001225_200.jpg
K000400,Sydney Kamlager-Dove,Sydney,,Kamlager-Dove,,House,California,37,Democratic,2023,,2025-04-28T13:04:15Z,https://www.congress.gov/img/member/k000400_200.jpg
O000019,Jay Obernolte,Jay,,Obernolte,,House,California,23,Republican,2021,,2025-04-28T13:04:15Z,https://www.congress.gov/img/member/o000019_200.jpg
C001123,Gilbert Ray Cisneros,Gilbert,Ray,Cisneros,,House,California,31,Democratic,2025,,2025-04-28T13:04:15Z,https://www.congress.gov/img/member/6807d8d63e52ea7df920ef05_200.jpg
G000585,Jimmy Gomez,Jimmy,,Gomez,,House,California,34,Democratic,2017,,2025-04-28T13:04:15Z,https://www.congress.gov/img/member/115_rp_ca_34_gomez_jimmy_200.jpg
C001112,Salud O. Carbajal,Salud,O.,Carbajal,,House,California,24,Democratic,2017,,2025-04-28T13:04:15Z,https://www.congress.gov/img/member/115_rp_ca_24_carbajal_salud_200.jpg
P000613,Jimmy Panetta,Jimmy,,Panetta,,House,California,19,Democratic,2017,,2025-04-28T13:04:15Z,https://www.congress.gov/img/member/116_rp_ca_20_panetta_jimmy_200.jpg
K000389,Ro Khanna,Ro,,Khanna,,House,California,17,Democratic,2017,,2025-04-28T13:04:15Z,https://www.congress.gov/img/member/k000389_200.jpg
T000474,Norma J. Torres,Norma,J.,Torres,,House,California,35,Democratic,2015,,2025-04-28T13:04:15Z,https://www.congress.gov/img/member/t000474_200.jpg
L000582,Ted Lieu,Ted,,Lieu,,House,California,36,Democratic,2015,,2025-04-28T13:04:15Z,https://www.congress.gov/img/member/l000582_200.jpg
A000371,Pete Aguilar,Pete,,Aguilar,,House,California,33,Democratic,2015,,2025-04-28T13:04:15Z,https://www.congress.gov/img/member/a000371_200.jpg
R000599,Raul Ruiz,Raul,,Ruiz,,House,California,25,Democratic,2013,,2025-04-28T13:04:15Z,https://www.congress.gov/img/member/66e1aec832c796cea99fe06f_200.jpg
B001285,Julia Brownley,Julia,,Brownley,,House,California,26,Democratic,2013,,2025-04-28T13:04:15Z,https://www.congress.gov/img/member/68000188f22eaf56065817e8_200.jpg
V000129,David G. Valadao,David,G.,Valadao,,House,California,22,Republican,2021,,2025-04-28T13:04:15Z,https://www.congress.gov/img/member/v000129_200.jpg
S001193,Eric Swalwell,Eric,,Swalwell,,House,California,14,Democratic,2013,,2025-04-28T13:04:15Z,https://www.congress.gov/img/member/s001193_200.jpg
C001080,Judy Chu,Judy,,Chu,,House,California,28,Democratic,2009,,2025-04-28T13:04:15Z,https://www.congress.gov/img/member/c001080_200.jpg
S000344,Brad Sherman,Brad,,Sherman,,House,California,32,Democratic,1997,,2025-04-28T13:04:15Z,https://www.congress.gov/img/member/s000344_200.jpg
C001059,Jim Costa,Jim,,Costa,,House,California,21,Democratic,2005,,2025-04-28T13:04:15Z,https://www.congress.gov/img/member/116_rp_ca_16_costa_jim_200.jpg
S001156,Linda T. Sánchez,Linda,T.,Sánchez,,House,California,38,Democratic,2003,,2025-04-28T13:04:15Z,https://www.congress.gov/img/member/116_rp_ca_38_snchez_linda_200.jpg
L000397,Zoe Lofgren,Zoe,,Lofgren,,House,California,18,Democratic,1995,,2025-04-28T13:04:15Z,https://www.congress.gov/img/member/671024d7ec807bca66057fcb_200.jpg
S001231,Lateefah Simon,Lateefah,,Simon,,House,California,12,Democratic,2025,,2025-04-28T13:04:14Z,https://www.congress.gov/img/member/67745f940b34857ecc909197_200.jpg
H001098,Abraham J. Hamadeh,Abraham,J.,Hamadeh,,House,Arizona,8,Republican,2025,,2025-04-28T13:04:14Z,https://www.congress.gov/img/member/67742a6f0b34857ecc9090c5_200.jpg
A000381,Yassamin Ansari,Yassamin,,Ansari,,House,Arizona,3,Democratic,2025,,2025-04-28T13:04:14Z,https://www.congress.gov/img/member/67741fc30b34857ecc90902e_200.jpg
S001220,Dale W. Strong,Dale,W.,Strong,,House,Alabama,5,Republican,2023,,2025-04-28T13:04:14Z,https://www.congress.gov/img/member/s001220_200.jpg
K000401,Kevin Kiley,Kevin,,Kiley,,House,California,3,Republican,2023,,2025-04-28T13:04:14Z,https://www.congress.gov/img/member/k000401_200.jpg
C001132,Elijah Crane,Elijah,,Crane,,House,Arizona,2,Republican,2023,,2025-04-28T13:04:14Z,https://www.congress.gov/img/member/c001132_200.jpg
C001133,Juan Ciscomani,Juan,,Ciscomani,,House,Arizona,6,Republican,2023,,2025-04-28T13:04:14Z,https://www.congress.gov/img/member/c001133_200.jpg
H001090,Josh Harder,Josh,,Harder,,House,California,9,Democratic,2019,,2025-04-28T13:04:14Z,https://www.congress.gov/img/member/h001090_200.jpg
S001211,Greg Stanton,Greg,,Stanton,,House,Arizona,4,Democratic,2019,,2025-04-28T13:04:14Z,https://www.congress.gov/img/member/s001211_200.jpg
B001302,Andy Biggs,Andy,,Biggs,,House,Arizona,5,Republican,2017,,2025-04-28T13:04:14Z,https://www.congress.gov/img/member/b001302_200.jpg
D000623,Mark DeSaulnier,Mark,,DeSaulnier,,House,California,10,Democratic,2015,,2025-04-28T13:04:14Z,https://www.congress.gov/img/member/115_rp_ca_11_desaulnier_mark_200.jpg
W000821,Bruce Westerman,Bruce,,Westerman,,House,Arkansas,4,Republican,2015,,2025-04-28T13:04:14Z,https://www.congress.gov/img/member/w000821_200.jpg
H001072,J. French Hill,J.,French,Hill,,House,Arkansas,2,Republican,2015,,2025-04-28T13:04:14Z,https://www.congress.gov/img/member/h001072_200.jpg
P000609,Gary J. Palmer,Gary,J.,Palmer,,House,Alabama,6,Republican,2015,,2025-04-28T13:04:14Z,https://www.congress.gov/img/member/p000609_200.jpg
B001287,Ami Bera,Ami,,Bera,,House,California,6,Democratic,2013,,2025-04-28T13:04:14Z,https://www.congress.gov/img/member/b001287_200.jpg
H001068,Jared Huffman,Jared,,Huffman,,House,California,2,Democratic,2013,,2025-04-28T13:04:14Z,https://www.congress.gov/img/member/h001068_200.jpg
L000578,Doug LaMalfa,Doug,,LaMalfa,,House,California,1,Republican,2013,,2025-04-28T13:04:14Z,https://www.congress.gov/img/member/l000578_200.jpg
G000559,John Garamendi,John,,Garamendi,,House,California,8,Democratic,2009,,2025-04-28T13:04:14Z,https://www.congress.gov/img/member/g000559_200.jpg
S001183,David Schweikert,David,,Schweikert,,House,Arizona,1,Republican,2011,,2025-04-28T13:04:14Z,https://www.congress.gov/img/member/s001183_200.jpg
G000565,Paul A. Gosar,Paul,A.,Gosar,,House,Arizona,9,Republican,2011,,2025-04-28T13:04:14Z,https://www.congress.gov/img/member/g000565_200.jpg
W000809,Steve Womack,Steve,,Womack,,House,Arkansas,3,Republican,2011,,2025-04-28T13:04:14Z,https://www.congress.gov/img/member/117_rp_ar_3_womack_steve_200.jpg
C001087,"Eric A. ""Rick"" Crawford",Eric,A.,Crawford,Rick,House,Arkansas,1,Republican,2011,,2025-04-28T13:04:14Z,https://www.congress.gov/img/member/c001087_200.jpg
S001185,Terri A. Sewell,Terri,A.,Sewell,,House,Alabama,7,Democratic,2011,,2025-04-28T13:04:14Z,https://www.congress.gov/img/member/s001185_200.jpg
M001177,Tom McClintock,Tom,,McClintock,,House,California,5,Republican,2009,,2025-04-28T13:04:14Z,https://www.congress.gov/img/member/m001177_200.jpg
M001163,Doris O. Matsui,Doris,O.,Matsui,,House,California,7,Democratic,2005,,2025-04-28T13:04:14Z,https://www.congress.gov/img/member/m001163_200.jpg
P000197,Nancy Pelosi,Nancy,,Pelosi,,House,California,11,Democratic,1987,,2025-04-28T13:04:14Z,https://www.congress.gov/img/member/p000197_200.jpg
T000460,Mike Thompson,Mike,,Thompson,,House,California,4,Democratic,1999,,2025-04-28T13:04:14Z,https://www.congress.gov/img/member/116_rp_ca_5_thompson_mike_200.jpg
A000055,Robert B. Aderholt,Robert,B.,Aderholt,,House,Alabama,4,Republican,1997,,2025-04-28T13:04:14Z,https://www.congress.gov/img/member/a000055_200.jpg
F000481,Shomari Figures,Shomari,,Figures,,House,Alabama,2,Democratic,2025,,2025-04-28T13:04:13Z,https://www.congress.gov/img/member/68013eaa4e51529406f18e42_200.jpg
B001323,Nicholas J. Begich,Nicholas,J.,Begich,,House,Alaska,0,Republican,2025,,2025-04-28T13:04:13Z,https://www.congress.gov/img/member/6774217e0b34857ecc909040_200.jpg
M001212,Barry Moore,Barry,,Moore,,House,Alabama,1,Republican,2021,,2025-04-28T13:04:13Z,https://www.congress.gov/img/member/m001212_200.jpg
R000575,Mike D. Rogers,Mike,D.,Rogers,,House,Alabama,3,Republican,2003,,2025-04-28T13:04:13Z,https://www.congress.gov/img/member/116_rp_al_3_rogers_mike_200.jpg
C001114,John R. Curtis,John,R.,Curtis,,Senate,Utah,,Republican,2025,,2025-04-26T12:42:15Z,https://www.congress.gov/img/member/1b9d1007d6895a37da28a67cd8149803_200.jpg
H001104,Jon Husted,Jon,,Husted,,Senate,Ohio,,Republican,2025,,2025-04-19T12:42:19Z,https://www.congress.gov/img/member/67f0316b1b05a5a598f7fdf3_200.jpg
S001227,Eric Schmitt,Eric,,Schmitt,,Senate,Missouri,,Republican,2023,,2025-04-09T12:42:30Z,https://www.congress.gov/img/member/b66a0806e77f63e862391b15a0b1f753_200.jpg
A000382,Angela D. Alsobrooks,Angela,D.,Alsobrooks,,Senate,Maryland,,Democratic,2025,,2025-04-05T12:42:12Z,https://www.congress.gov/img/member/67acdbbf044eb506e25958f2_200.jpg
B001319,Katie Boyd Britt,Katie,Boyd,Britt,,Senate,Alabama,,Republican,2023,,2025-04-02T12:42:21Z,https://www.congress.gov/img/member/b001319_200.jpg
B001305,Ted Budd,Ted,,Budd,,Senate,North Carolina,,Republican,2023,,2025-03-28T12:42:16Z,https://www.congress.gov/img/member/b001305_200.jpg
S001208,Elissa Slotkin,Elissa,,Slotkin,,Senate,Michigan,,Democratic,2025,,2025-03-27T12:42:29Z,https://www.congress.gov/img/member/s001208_200.jpg
K000394,Andy Kim,Andy,,Kim,,Senate,New Jersey,,Democratic,2024,,2025-03-27T12:42:23Z,https://www.congress.gov/img/member/677d84cbfdb6cf36bbb649a1_200.jpg
M001243,David McCormick,David,,McCormick,,Senate,Pennsylvania,,Republican,2025,,2025-03-22T12:42:26Z,https://www.congress.gov/img/member/677d85e0fdb6cf36bbb649aa_200.jpg
B001299,Jim Banks,Jim,,Banks,,Senate,Indiana,,Republican,2025,,2025-03-12T12:42:11Z,https://www.congress.gov/img/member/677d83cbfdb6cf36bbb64998_200.jpg
Y000064,Todd Young,Todd,,Young,,Senate,Indiana,,Republican,2017,,2025-03-09T12:42:30Z,https://www.congress.gov/img/member/y000064_200.jpg
W000779,Ron Wyden,Ron,,Wyden,,Senate,Oregon,,Democratic,1996,,2025-03-09T12:42:30Z,https://www.congress.gov/img/member/w000779_200.jpg
W000790,Raphael G. Warnock,Raphael,G.,Warnock,,Senate,Georgia,,Democratic,2021,,2025-03-09T12:42:29Z,https://www.congress.gov/img/member/w000790_200.jpg
W000817,Elizabeth Warren,Elizabeth,,Warren,,Senate,Massachusetts,,Democratic,2013,,2025-03-09T12:42:29Z,https://www.congress.gov/img/member/w000817_200.jpg
W000802,Sheldon Whitehouse,Sheldon,,Whitehouse,,Senate,Rhode Island,,Democratic,2007,,2025-03-09T12:42:29Z,https://www.congress.gov/img/member/w000802_200.jpg
W000805,Mark R. Warner,Mark,R.,Warner,,Senate,Virginia,,Democratic,2009,,2025-03-09T12:42:29Z,https://www.congress.gov/img/member/w000805_200.jpg
W000437,Roger F. Wicker,Roger,F.,Wicker,,Senate,Mississippi,,Republican,2007,,2025-03-09T12:42:29Z,https://www.congress.gov/img/member/f49ac425119375e9fe6a075762734079_200.jpg
V000128,Chris Van Hollen,Chris,,Van Hollen,,Senate,Maryland,,Democratic,2017,,2025-03-09T12:42:29Z,https://www.congress.gov/img/member/v000128_200.jpg
T000278,Tommy Tuberville,Tommy,,Tuberville,,Senate,Alabama,,Republican,2021,,2025-03-09T12:42:28Z,https://www.congress.gov/img/member/t000278_200.jpg
S001203,Tina Smith,Tina,,Smith,,Senate,Minnesota,,Democratic,2018,,2025-03-09T12:42:28Z,https://www.congress.gov/img/member/s001203_200.jpg
T000476,Thomas Tillis,Thomas,,Tillis,,Senate,North Carolina,,Republican,2015,,2025-03-09T12:42:28Z,https://www.congress.gov/img/member/t000476_200.jpg
S001198,Dan Sullivan,Dan,,Sullivan,,Senate,Alaska,,Republican,2015,,2025-03-09T12:42:28Z,https://www.congress.gov/img/member/s001198_200.jpg
T000250,John Thune,John,,Thune,,Senate,South Dakota,,Republican,2005,,2025-03-09T12:42:28Z,https://www.congress.gov/img/member/t000250_200.jpg
S001217,Rick Scott,Rick,,Scott,,Senate,Florida,,Republican,2019,,2025-03-09T12:42:27Z,https://www.congress.gov/img/member/s001217_200.jpg
S001181,Jeanne Shaheen,Jeanne,,Shaheen,,Senate,New Hampshire,,Democratic,2009,,2025-03-09T12:42:27Z,https://www.congress.gov/img/member/s001181_200.jpg
R000605,Mike Rounds,Mike,,Rounds,,Senate,South Dakota,,Republican,2015,,2025-03-09T12:42:26Z,https://www.congress.gov/img/member/r000605_200.jpg
S001194,Brian Schatz,Brian,,Schatz,,Senate,Hawaii,,Democratic,2012,,2025-03-09T12:42:26Z,https://www.congress.gov/img/member/s001194_200.jpg
S001184,Tim Scott,Tim,,Scott,,Senate,South Carolina,,Republican,2013,,2025-03-09T12:42:26Z,https://www.congress.gov/img/member/s001184_200.jpg
S000148,Charles E. Schumer,Charles,E.,Schumer,,Senate,New York,,Democratic,1999,,2025-03-09T12:42:26Z,https://www.congress.gov/img/member/s000148_200.jpg
S000033,Bernard Sanders,Bernard,,Sanders,,Senate,Vermont,,Independent,2007,,2025-03-09T12:42:26Z,https://www.congress.gov/img/member/s000033_200.jpg
S001150,Adam B. Schiff,Adam,B.,Schiff,,Senate,California,,Democratic,2024,,2025-03-09T12:42:26Z,https://www.congress.gov/img/member/677d870dfdb6cf36bbb649b3_200.jpg
R000618,Pete Ricketts,Pete,,Ricketts,,Senate,Nebraska,,Republican,2023,,2025-03-09T12:42:25Z,https://www.congress.gov/img/member/r000618_200.jpg
R000608,Jacky Rosen,Jacky,,Rosen,,Senate,Nevada,,Democratic,2019,,2025-03-09T12:42:25Z,https://www.congress.gov/img/member/r000608_200.jpg
P000595,Gary C. Peters,Gary,C.,Peters,,Senate,Michigan,,Democratic,2015,,2025-03-09T12:42:25Z,https://www.congress.gov/img/member/p000595_200.jpg
R000584,James E. Risch,James,E.,Risch,,Senate,Idaho,,Republican,2009,,2025-03-09T12:42:25Z,https://www.congress.gov/img/member/r000584_200.jpg
R000122,Jack Reed,Jack,,Reed,,Senate,Rhode Island,,Democratic,1997,,2025-03-09T12:42:25Z,https://www.congress.gov/img/member/r000122_200.jpg
P000145,Alex Padilla,Alex,,Padilla,,Senate,California,,Democratic,2021,,2025-03-09T12:42:24Z,https://www.congress.gov/img/member/p000145_200.jpg
O000174,Jon Ossoff,Jon,,Ossoff,,Senate,Georgia,,Democratic,2021,,2025-03-09T12:42:24Z,https://www.congress.gov/img/member/o000174_200.jpg
P000603,Rand Paul,Rand,,Paul,,Senate,Kentucky,,Republican,2011,,2025-03-09T12:42:24Z,https://www.congress.gov/img/member/p000603_200.jpg
M001111,Patty Murray,Patty,,Murray,,Senate,Washington,,Democratic,1993,,2025-03-09T12:42:24Z,https://www.congress.gov/img/member/1b52ad6d215684d847d1c2bf28b9b262_200.jpg
M001190,Markwayne Mullin,Markwayne,,Mullin,,Senate,Oklahoma,,Republican,2023,,2025-03-09T12:42:23Z,https://www.congress.gov/img/member/m001190_200.jpg
M001169,Christopher Murphy,Christopher,,Murphy,,Senate,Connecticut,,Democratic,2013,,2025-03-09T12:42:23Z,https://www.congress.gov/img/member/m001169_200.jpg
M000934,Jerry Moran,Jerry,,Moran,,Senate,Kansas,,Republican,2011,,2025-03-09T12:42:23Z,https://www.congress.gov/img/member/m000934_200.jpg
M001153,Lisa Murkowski,Lisa,,Murkowski,,Senate,Alaska,,Republican,2002,,2025-03-09T12:42:23Z,https://www.congress.gov/img/member/m001153_200.jpg
M001198,Roger Marshall,Roger,,Marshall,,Senate,Kansas,,Republican,2021,,2025-03-09T12:42:22Z,https://www.congress.gov/img/member/m001198_200.jpg
L000571,Cynthia M. Lummis,Cynthia,M.,Lummis,,Senate,Wyoming,,Republican,2021,,2025-03-09T12:42:22Z,https://www.congress.gov/img/member/l000571_200.jpg
M001176,Jeff Merkley,Jeff,,Merkley,,Senate,Oregon,,Democratic,2009,,2025-03-09T12:42:22Z,https://www.congress.gov/img/member/m001176_200.jpg
M000133,Edward J. Markey,Edward,J.,Markey,,Senate,Massachusetts,,Democratic,2013,,2025-03-09T12:42:22Z,https://www.congress.gov/img/member/m000133_200.jpg
M000355,Mitch McConnell,Mitch,,McConnell,,Senate,Kentucky,,Republican,1985,,2025-03-09T12:42:22Z,https://www.congress.gov/img/member/m000355_200.jpg
K000383,Angus S. King,Angus,S.,King,,Senate,Maine,,Independent,2013,,2025-03-09T12:42:21Z,https://www.congress.gov/img/member/k000383_200.jpg
K000367,Amy Klobuchar,Amy,,Klobuchar,,Senate,Minnesota,,Democratic,2007,,2025-03-09T12:42:21Z,https://www.congress.gov/img/member/k000367_200.jpg
L000577,Mike Lee,Mike,,Lee,,Senate,Utah,,Republican,2011,,2025-03-09T12:42:21Z,https://www.congress.gov/img/member/l000577_200.jpg
L000575,James Lankford,James,,Lankford,,Senate,Oklahoma,,Republican,2015,,2025-03-09T12:42:21Z,https://www.congress.gov/img/member/l000575_200.jpg
K000377,Mark Kelly,Mark,,Kelly,,Senate,Arizona,,Democratic,2020,,2025-03-09T12:42:20Z,https://www.congress.gov/img/member/k000377_200.jpg
K000393,John Kennedy,John,,Kennedy,,Senate,Louisiana,,Republican,2017,,2025-03-09T12:42:20Z,https://www.congress.gov/img/member/k000393_200.jpg
K000384,Tim Kaine,Tim,,Kaine,,Senate,Virginia,,Democratic,2013,,2025-03-09T12:42:20Z,https://www.congress.gov/img/member/k000384_200.jpg
J000312,James C. Justice,James,C.,Justice,,Senate,West Virginia,,Republican,2025,,2025-03-09T12:42:19Z,https://www.congress.gov/img/member/67c86b5e6159152e59828b1a_200.jpg
H001079,Cindy Hyde-Smith,Cindy,,Hyde-Smith,,Senate,Mississippi,,Republican,2018,,2025-03-09T12:42:19Z,https://www.congress.gov/img/member/h001079_200.jpg
J000293,Ron Johnson,Ron,,Johnson,,Senate,Wisconsin,,Republican,2011,,2025-03-09T12:42:19Z,https://www.congress.gov/img/member/j000293_200.jpg
H001061,John Hoeven,John,,Hoeven,,Senate,North Dakota,,Republican,2011,,2025-03-09T12:42:19Z,https://www.congress.gov/img/member/h001061_200.jpg
H001042,Mazie K. Hirono,Mazie,K.,Hirono,,Senate,Hawaii,,Democratic,2013,,2025-03-09T12:42:19Z,https://www.congress.gov/img/member/h001042_200.jpg
H000273,John W. Hickenlooper,John,W.,Hickenlooper,,Senate,Colorado,,Democratic,2021,,2025-03-09T12:42:18Z,https://www.congress.gov/img/member/h000273_200.jpg
H000601,Bill Hagerty,Bill,,Hagerty,,Senate,Tennessee,,Republican,2021,,2025-03-09T12:42:18Z,https://www.congress.gov/img/member/h000601_200.jpg
H001076,Margaret Wood Hassan,Margaret,Wood,Hassan,,Senate,New Hampshire,,Democratic,2017,,2025-03-09T12:42:18Z,https://www.congress.gov/img/member/h001076_200.jpg
H001046,Martin Heinrich,Martin,,Heinrich,,Senate,New Mexico,,Democratic,2013,,2025-03-09T12:42:18Z,https://www.congress.gov/img/member/h001046_200.jpg
G000386,Chuck Grassley,Chuck,,Grassley,,Senate,Iowa,,Republican,1981,,2025-03-09T12:42:18Z,https://www.congress.gov/img/member/g000386_200.jpg
F000479,John Fetterman,John,,Fetterman,,Senate,Pennsylvania,,Democratic,2023,,2025-03-09T12:42:17Z,https://www.congress.gov/img/member/f000479_200.jpg
G000574,Ruben Gallego,Ruben,,Gallego,,Senate,Arizona,,Democratic,2025,,2025-03-09T12:42:17Z,https://www.congress.gov/img/member/c6870f487cf4bc9a568d8afbe61d754b_200.jpg
F000463,Deb Fischer,Deb,,Fischer,,Senate,Nebraska,,Republican,2013,,2025-03-09T12:42:17Z,https://www.congress.gov/img/member/669ec7925d19788d1f2034a1_200.jpg
G000555,Kirsten E. Gillibrand,Kirsten,E.,Gillibrand,,Senate,New York,,Democratic,2009,,2025-03-09T12:42:17Z,https://www.congress.gov/img/member/g000555_200.jpg
G000359,Lindsey Graham,Lindsey,,Graham,,Senate,South Carolina,,Republican,2003,,2025-03-09T12:42:17Z,https://www.congress.gov/img/member/g000359_200.jpg
E000295,Joni Ernst,Joni,,Ernst,,Senate,Iowa,,Republican,2015,,2025-03-09T12:42:16Z,https://www.congress.gov/img/member/e000295_200.jpg
C001098,Ted Cruz,Ted,,Cruz,,Senate,Texas,,Republican,2013,,2025-03-09T12:42:16Z,https://www.congress.gov/img/member/c001098_200.jpg
D000618,Steve Daines,Steve,,Daines,,Senate,Montana,,Republican,2015,,2025-03-09T12:42:16Z,https://www.congress.gov/img/member/d000618_200.jpg
D000622,Tammy Duckworth,Tammy,,Duckworth,,Senate,Illinois,,Democratic,2017,,2025-03-09T12:42:16Z,https://www.congress.gov/img/member/d000622_200.jpg
D000563,Richard J. Durbin,Richard,J.,Durbin,,Senate,Illinois,,Democratic,1997,,2025-03-09T12:42:16Z,https://www.congress.gov/img/member/d000563_200.jpg
C000880,Mike Crapo,Mike,,Crapo,,Senate,Idaho,,Republican,1999,,2025-03-09T12:42:16Z,https://www.congress.gov/img/member/c000880_200.jpg
C001113,Catherine Cortez Masto,Catherine,,Cortez Masto,,Senate,Nevada,,Democratic,2017,,2025-03-09T12:42:15Z,https://www.congress.gov/img/member/c001113_200.jpg
C001096,Kevin Cramer,Kevin,,Cramer,,Senate,North Dakota,,Republican,2019,,2025-03-09T12:42:15Z,https://www.congress.gov/img/member/c001096_200.jpg
C001095,Tom Cotton,Tom,,Cotton,,Senate,Arkansas,,Republican,2015,,2025-03-09T12:42:15Z,https://www.congress.gov/img/member/c001095_200.jpg
C001056,John Cornyn,John,,Cornyn,,Senate,Texas,,Republican,2002,,2025-03-09T12:42:15Z,https://www.congress.gov/img/member/c001056_200.jpg
C001088,Christopher A. Coons,Christopher,A.,Coons,,Senate,Delaware,,Democratic,2010,,2025-03-09T12:42:14Z,https://www.congress.gov/img/member/c001088_200.jpg
C001075,Bill Cassidy,Bill,,Cassidy,,Senate,Louisiana,,Republican,2015,,2025-03-09T12:42:14Z,https://www.congress.gov/img/member/c001075_200.jpg
C001035,Susan M. Collins,Susan,M.,Collins,,Senate,Maine,,Republican,1997,,2025-03-09T12:42:14Z,https://www.congress.gov/img/member/c001035_200.jpg
C001047,Shelley Moore Capito,Shelley,Moore,Capito,,Senate,West Virginia,,Republican,2015,,2025-03-09T12:42:14Z,https://www.congress.gov/img/member/c001047_200.jpg
C000127,Maria Cantwell,Maria,,Cantwell,,Senate,Washington,,Democratic,2001,,2025-03-09T12:42:14Z,https://www.congress.gov/img/member/c000127_200.jpg
B001303,Lisa Blunt Rochester,Lisa,,Blunt Rochester,,Senate,Delaware,,Democratic,2025,,2025-03-09T12:42:13Z,https://www.congress.gov/img/member/b001303_200.jpg
B001288,Cory A. Booker,Cory,A.,Booker,,Senate,New Jersey,,Democratic,2013,,2025-03-09T12:42:13Z,https://www.congress.gov/img/member/b001288_200.jpg
B001277,Richard Blumenthal,Richard,,Blumenthal,,Senate,Connecticut,,Democratic,2011,,2025-03-09T12:42:13Z,https://www.congress.gov/img/member/b001277_200.jpg
B001236,John Boozman,John,,Boozman,,Senate,Arkansas,,Republican,2011,,2025-03-09T12:42:13Z,https://www.congress.gov/img/member/b001236_200.jpg
B001261,John Barrasso,John,,Barrasso,,Senate,Wyoming,,Republican,2007,,2025-03-09T12:42:12Z,https://www.congress.gov/img/member/b001261_200.jpg
B001267,Michael F. Bennet,Michael,F.,Bennet,,Senate,Colorado,,Democratic,2009,,2025-03-09T12:42:12Z,https://www.congress.gov/img/member/b001267_200.jpg
B001230,Tammy Baldwin,Tammy,,Baldwin,,Senate,Wisconsin,,Democratic,2013,,2025-03-09T12:42:12Z,https://www.congress.gov/img/member/b001230_200.jpg
B001243,Marsha Blackburn,Marsha,,Blackburn,,Senate,Tennessee,,Republican,2019,,2025-03-09T12:42:12Z,https://www.congress.gov/img/member/b001243_200.jpg
